"Nomenclature","ReporterISO3","ProductCode","ReporterName","PartnerISO3","PartnerName","Year","TradeFlowName","TradeFlowCode","TradeValue in 1000 USD"
"H0","AUS","9503","Australia","AFG","Afghanistan",2005,"Import",5,0.267
"H0","AUS","9503","Australia","AFG","Afghanistan",2013,"Import",5,1.93
"H0","AUS","9503","Australia","AFG","Afghanistan",2018,"Import",5,2.943
"H0","AUS","9503","Australia","AFG","Afghanistan",2020,"Import",5,23.593
"H0","AUS","9503","Australia","AFG","Afghanistan",2025,"Import",5,1.63
"H0","AUS","9503","Australia","AIA","Anguila",2014,"Import",5,5.054
"H0","AUS","9503","Australia","ALB","Albania",2009,"Import",5,1.296
"H0","AUS","9503","Australia","ALB","Albania",2016,"Import",5,1.029
"H0","AUS","9503","Australia","ARE","United Arab Emirates",1999,"Import",5,0.664
"H0","AUS","9503","Australia","ARE","United Arab Emirates",2002,"Import",5,1.07
"H0","AUS","9503","Australia","ARE","United Arab Emirates",2003,"Import",5,0.879
"H0","AUS","9503","Australia","ARE","United Arab Emirates",2004,"Import",5,6.876
"H0","AUS","9503","Australia","ARE","United Arab Emirates",2005,"Import",5,3.906
"H0","AUS","9503","Australia","ARE","United Arab Emirates",2006,"Import",5,148.234
"H0","AUS","9503","Australia","ARE","United Arab Emirates",2007,"Import",5,94.681
"H0","AUS","9503","Australia","ARE","United Arab Emirates",2008,"Import",5,8.989
"H0","AUS","9503","Australia","ARE","United Arab Emirates",2009,"Import",5,5.395
"H0","AUS","9503","Australia","ARE","United Arab Emirates",2010,"Import",5,1.459
"H0","AUS","9503","Australia","ARE","United Arab Emirates",2011,"Import",5,11.715
"H0","AUS","9503","Australia","ARE","United Arab Emirates",2012,"Import",5,26.798
"H0","AUS","9503","Australia","ARE","United Arab Emirates",2013,"Import",5,51.844
"H0","AUS","9503","Australia","ARE","United Arab Emirates",2014,"Import",5,7.347
"H0","AUS","9503","Australia","ARE","United Arab Emirates",2015,"Import",5,10.124
"H0","AUS","9503","Australia","ARE","United Arab Emirates",2016,"Import",5,20.91
"H0","AUS","9503","Australia","ARE","United Arab Emirates",2017,"Import",5,54.78
"H0","AUS","9503","Australia","ARE","United Arab Emirates",2018,"Import",5,60.582
"H0","AUS","9503","Australia","ARE","United Arab Emirates",2019,"Import",5,19.718
"H0","AUS","9503","Australia","ARE","United Arab Emirates",2020,"Import",5,7.443
"H0","AUS","9503","Australia","ARE","United Arab Emirates",2021,"Import",5,7.561
"H0","AUS","9503","Australia","ARE","United Arab Emirates",2022,"Import",5,5.557
"H0","AUS","9503","Australia","ARE","United Arab Emirates",2023,"Import",5,3.637
"H0","AUS","9503","Australia","ARE","United Arab Emirates",2024,"Import",5,46.44
"H0","AUS","9503","Australia","ARE","United Arab Emirates",2025,"Import",5,0.918
"H0","AUS","9503","Australia","ARG","Argentina",2001,"Import",5,0.685
"H0","AUS","9503","Australia","ARG","Argentina",2003,"Import",5,13.407
"H0","AUS","9503","Australia","ARG","Argentina",2004,"Import",5,12.818
"H0","AUS","9503","Australia","ARG","Argentina",2005,"Import",5,44.617
"H0","AUS","9503","Australia","ARG","Argentina",2006,"Import",5,3.588
"H0","AUS","9503","Australia","ARG","Argentina",2007,"Import",5,9.913
"H0","AUS","9503","Australia","ARG","Argentina",2008,"Import",5,11.373
"H0","AUS","9503","Australia","ARG","Argentina",2009,"Import",5,5.49
"H0","AUS","9503","Australia","ARG","Argentina",2010,"Import",5,25.781
"H0","AUS","9503","Australia","ARG","Argentina",2011,"Import",5,39.246
"H0","AUS","9503","Australia","ARG","Argentina",2014,"Import",5,17.758
"H0","AUS","9503","Australia","ARG","Argentina",2015,"Import",5,1.707
"H0","AUS","9503","Australia","ARG","Argentina",2016,"Import",5,2.725
"H0","AUS","9503","Australia","ARG","Argentina",2017,"Import",5,21.179
"H0","AUS","9503","Australia","ARG","Argentina",2018,"Import",5,1.381
"H0","AUS","9503","Australia","ARG","Argentina",2019,"Import",5,5.515
"H0","AUS","9503","Australia","ARG","Argentina",2023,"Import",5,0.85
"H0","AUS","9503","Australia","ARG","Argentina",2025,"Import",5,1.663
"H0","AUS","9503","Australia","ASM","American Samoa",2007,"Import",5,4.226
"H0","AUS","9503","Australia","ASM","American Samoa",2008,"Import",5,1.621
"H0","AUS","9503","Australia","ATG","Antigua and Barbuda",2007,"Import",5,2.719
"H0","AUS","9503","Australia","AUS","Australia",2000,"Import",5,0
"H0","AUS","9503","Australia","AUS","Australia",2001,"Import",5,0
"H0","AUS","9503","Australia","AUS","Australia",2002,"Import",5,0
"H0","AUS","9503","Australia","AUS","Australia",2003,"Import",5,0
"H0","AUS","9503","Australia","AUS","Australia",2004,"Import",5,0
"H0","AUS","9503","Australia","AUS","Australia",2005,"Import",5,0
"H0","AUS","9503","Australia","AUS","Australia",2006,"Import",5,0
"H0","AUS","9503","Australia","AUS","Australia",2007,"Import",5,0
"H0","AUS","9503","Australia","AUS","Australia",2008,"Import",5,0
"H0","AUS","9503","Australia","AUS","Australia",2009,"Import",5,0
"H0","AUS","9503","Australia","AUS","Australia",2010,"Import",5,0
"H0","AUS","9503","Australia","AUS","Australia",2011,"Import",5,0
"H0","AUS","9503","Australia","AUS","Australia",2012,"Import",5,0
"H0","AUS","9503","Australia","AUS","Australia",2013,"Import",5,0
"H0","AUS","9503","Australia","AUS","Australia",2014,"Import",5,0
"H0","AUS","9503","Australia","AUS","Australia",2015,"Import",5,0
"H0","AUS","9503","Australia","AUS","Australia",2016,"Import",5,0
"H0","AUS","9503","Australia","AUS","Australia",2017,"Import",5,0
"H0","AUS","9503","Australia","AUS","Australia",2018,"Import",5,0
"H0","AUS","9503","Australia","AUS","Australia",2019,"Import",5,0
"H0","AUS","9503","Australia","AUS","Australia",2020,"Import",5,0
"H0","AUS","9503","Australia","AUS","Australia",2021,"Import",5,0
"H0","AUS","9503","Australia","AUS","Australia",2022,"Import",5,0
"H0","AUS","9503","Australia","AUS","Australia",2023,"Import",5,0
"H0","AUS","9503","Australia","AUS","Australia",2024,"Import",5,0
"H0","AUS","9503","Australia","AUS","Australia",2025,"Import",5,0
"H0","AUS","9503","Australia","AUT","Austria",1995,"Import",5,156.151
"H0","AUS","9503","Australia","AUT","Austria",1996,"Import",5,118.019
"H0","AUS","9503","Australia","AUT","Austria",1997,"Import",5,101.178
"H0","AUS","9503","Australia","AUT","Austria",1998,"Import",5,520.302
"H0","AUS","9503","Australia","AUT","Austria",1999,"Import",5,108.639
"H0","AUS","9503","Australia","AUT","Austria",2000,"Import",5,95.195
"H0","AUS","9503","Australia","AUT","Austria",2001,"Import",5,98.991
"H0","AUS","9503","Australia","AUT","Austria",2002,"Import",5,120.558
"H0","AUS","9503","Australia","AUT","Austria",2003,"Import",5,129.728
"H0","AUS","9503","Australia","AUT","Austria",2004,"Import",5,379.36
"H0","AUS","9503","Australia","AUT","Austria",2005,"Import",5,280.607
"H0","AUS","9503","Australia","AUT","Austria",2006,"Import",5,374.474
"H0","AUS","9503","Australia","AUT","Austria",2007,"Import",5,1365.347
"H0","AUS","9503","Australia","AUT","Austria",2008,"Import",5,1449.832
"H0","AUS","9503","Australia","AUT","Austria",2009,"Import",5,1472.128
"H0","AUS","9503","Australia","AUT","Austria",2010,"Import",5,1768.346
"H0","AUS","9503","Australia","AUT","Austria",2011,"Import",5,979.424
"H0","AUS","9503","Australia","AUT","Austria",2012,"Import",5,1220.931
"H0","AUS","9503","Australia","AUT","Austria",2013,"Import",5,1087.378
"H0","AUS","9503","Australia","AUT","Austria",2014,"Import",5,776.887
"H0","AUS","9503","Australia","AUT","Austria",2015,"Import",5,347.942
"H0","AUS","9503","Australia","AUT","Austria",2016,"Import",5,49.845
"H0","AUS","9503","Australia","AUT","Austria",2017,"Import",5,50.607
"H0","AUS","9503","Australia","AUT","Austria",2018,"Import",5,60.562
"H0","AUS","9503","Australia","AUT","Austria",2019,"Import",5,252.578
"H0","AUS","9503","Australia","AUT","Austria",2020,"Import",5,1267.813
"H0","AUS","9503","Australia","AUT","Austria",2021,"Import",5,767.203
"H0","AUS","9503","Australia","AUT","Austria",2022,"Import",5,1127.353
"H0","AUS","9503","Australia","AUT","Austria",2023,"Import",5,868.815
"H0","AUS","9503","Australia","AUT","Austria",2024,"Import",5,730.81
"H0","AUS","9503","Australia","AUT","Austria",2025,"Import",5,644.052
"H0","AUS","9503","Australia","AZE","Azerbaijan",2016,"Import",5,1.128
"H0","AUS","9503","Australia","AZE","Azerbaijan",2020,"Import",5,1.271
"H0","AUS","9503","Australia","BEL","Belgium",1999,"Import",5,55.643
"H0","AUS","9503","Australia","BEL","Belgium",2000,"Import",5,163.378
"H0","AUS","9503","Australia","BEL","Belgium",2001,"Import",5,176.602
"H0","AUS","9503","Australia","BEL","Belgium",2002,"Import",5,206.335
"H0","AUS","9503","Australia","BEL","Belgium",2003,"Import",5,299.536
"H0","AUS","9503","Australia","BEL","Belgium",2004,"Import",5,310.873
"H0","AUS","9503","Australia","BEL","Belgium",2005,"Import",5,285.96
"H0","AUS","9503","Australia","BEL","Belgium",2006,"Import",5,230.736
"H0","AUS","9503","Australia","BEL","Belgium",2007,"Import",5,259.283
"H0","AUS","9503","Australia","BEL","Belgium",2008,"Import",5,220.171
"H0","AUS","9503","Australia","BEL","Belgium",2009,"Import",5,247.117
"H0","AUS","9503","Australia","BEL","Belgium",2010,"Import",5,412.643
"H0","AUS","9503","Australia","BEL","Belgium",2011,"Import",5,390.347
"H0","AUS","9503","Australia","BEL","Belgium",2012,"Import",5,256.914
"H0","AUS","9503","Australia","BEL","Belgium",2013,"Import",5,179.509
"H0","AUS","9503","Australia","BEL","Belgium",2014,"Import",5,254.985
"H0","AUS","9503","Australia","BEL","Belgium",2015,"Import",5,120.134
"H0","AUS","9503","Australia","BEL","Belgium",2016,"Import",5,574.195
"H0","AUS","9503","Australia","BEL","Belgium",2017,"Import",5,106.147
"H0","AUS","9503","Australia","BEL","Belgium",2018,"Import",5,120.733
"H0","AUS","9503","Australia","BEL","Belgium",2019,"Import",5,2469.964
"H0","AUS","9503","Australia","BEL","Belgium",2020,"Import",5,1886.965
"H0","AUS","9503","Australia","BEL","Belgium",2021,"Import",5,2065.609
"H0","AUS","9503","Australia","BEL","Belgium",2022,"Import",5,210.783
"H0","AUS","9503","Australia","BEL","Belgium",2023,"Import",5,919.673
"H0","AUS","9503","Australia","BEL","Belgium",2024,"Import",5,113.35
"H0","AUS","9503","Australia","BEL","Belgium",2025,"Import",5,111.036
"H0","AUS","9503","Australia","BGD","Bangladesh",1996,"Import",5,1.094
"H0","AUS","9503","Australia","BGD","Bangladesh",1997,"Import",5,2.712
"H0","AUS","9503","Australia","BGD","Bangladesh",1998,"Import",5,1.142
"H0","AUS","9503","Australia","BGD","Bangladesh",1999,"Import",5,0.975
"H0","AUS","9503","Australia","BGD","Bangladesh",2000,"Import",5,1.538
"H0","AUS","9503","Australia","BGD","Bangladesh",2001,"Import",5,1.52
"H0","AUS","9503","Australia","BGD","Bangladesh",2002,"Import",5,0.547
"H0","AUS","9503","Australia","BGD","Bangladesh",2003,"Import",5,3.084
"H0","AUS","9503","Australia","BGD","Bangladesh",2004,"Import",5,34.626
"H0","AUS","9503","Australia","BGD","Bangladesh",2005,"Import",5,10.829
"H0","AUS","9503","Australia","BGD","Bangladesh",2006,"Import",5,3.363
"H0","AUS","9503","Australia","BGD","Bangladesh",2007,"Import",5,35.746
"H0","AUS","9503","Australia","BGD","Bangladesh",2008,"Import",5,45.686
"H0","AUS","9503","Australia","BGD","Bangladesh",2009,"Import",5,44.313
"H0","AUS","9503","Australia","BGD","Bangladesh",2010,"Import",5,63.692
"H0","AUS","9503","Australia","BGD","Bangladesh",2011,"Import",5,41.308
"H0","AUS","9503","Australia","BGD","Bangladesh",2012,"Import",5,35.253
"H0","AUS","9503","Australia","BGD","Bangladesh",2013,"Import",5,21.758
"H0","AUS","9503","Australia","BGD","Bangladesh",2014,"Import",5,10.481
"H0","AUS","9503","Australia","BGD","Bangladesh",2015,"Import",5,15.936
"H0","AUS","9503","Australia","BGD","Bangladesh",2016,"Import",5,189.822
"H0","AUS","9503","Australia","BGD","Bangladesh",2017,"Import",5,331.044
"H0","AUS","9503","Australia","BGD","Bangladesh",2018,"Import",5,414.674
"H0","AUS","9503","Australia","BGD","Bangladesh",2019,"Import",5,657.746
"H0","AUS","9503","Australia","BGD","Bangladesh",2020,"Import",5,553.439
"H0","AUS","9503","Australia","BGD","Bangladesh",2021,"Import",5,493.859
"H0","AUS","9503","Australia","BGD","Bangladesh",2022,"Import",5,481.631
"H0","AUS","9503","Australia","BGD","Bangladesh",2023,"Import",5,1002.871
"H0","AUS","9503","Australia","BGD","Bangladesh",2024,"Import",5,2695.426
"H0","AUS","9503","Australia","BGD","Bangladesh",2025,"Import",5,3585.907
"H0","AUS","9503","Australia","BGR","Bulgaria",1995,"Import",5,2.758
"H0","AUS","9503","Australia","BGR","Bulgaria",1996,"Import",5,6.065
"H0","AUS","9503","Australia","BGR","Bulgaria",1997,"Import",5,2.063
"H0","AUS","9503","Australia","BGR","Bulgaria",1998,"Import",5,0.918
"H0","AUS","9503","Australia","BGR","Bulgaria",1999,"Import",5,0.722
"H0","AUS","9503","Australia","BGR","Bulgaria",2000,"Import",5,1.742
"H0","AUS","9503","Australia","BGR","Bulgaria",2001,"Import",5,2.128
"H0","AUS","9503","Australia","BGR","Bulgaria",2002,"Import",5,0.45
"H0","AUS","9503","Australia","BGR","Bulgaria",2003,"Import",5,1.502
"H0","AUS","9503","Australia","BGR","Bulgaria",2004,"Import",5,79.638
"H0","AUS","9503","Australia","BGR","Bulgaria",2005,"Import",5,170.744
"H0","AUS","9503","Australia","BGR","Bulgaria",2006,"Import",5,228.767
"H0","AUS","9503","Australia","BGR","Bulgaria",2007,"Import",5,189.149
"H0","AUS","9503","Australia","BGR","Bulgaria",2008,"Import",5,238.31
"H0","AUS","9503","Australia","BGR","Bulgaria",2009,"Import",5,256.597
"H0","AUS","9503","Australia","BGR","Bulgaria",2010,"Import",5,243.56
"H0","AUS","9503","Australia","BGR","Bulgaria",2011,"Import",5,265.84
"H0","AUS","9503","Australia","BGR","Bulgaria",2012,"Import",5,268.397
"H0","AUS","9503","Australia","BGR","Bulgaria",2013,"Import",5,219.475
"H0","AUS","9503","Australia","BGR","Bulgaria",2014,"Import",5,276.751
"H0","AUS","9503","Australia","BGR","Bulgaria",2015,"Import",5,236.196
"H0","AUS","9503","Australia","BGR","Bulgaria",2016,"Import",5,257.756
"H0","AUS","9503","Australia","BGR","Bulgaria",2017,"Import",5,90.481
"H0","AUS","9503","Australia","BGR","Bulgaria",2018,"Import",5,61.344
"H0","AUS","9503","Australia","BGR","Bulgaria",2019,"Import",5,2.03
"H0","AUS","9503","Australia","BGR","Bulgaria",2020,"Import",5,124.383
"H0","AUS","9503","Australia","BGR","Bulgaria",2021,"Import",5,100.559
"H0","AUS","9503","Australia","BGR","Bulgaria",2022,"Import",5,0.866
"H0","AUS","9503","Australia","BGR","Bulgaria",2023,"Import",5,80.76
"H0","AUS","9503","Australia","BGR","Bulgaria",2024,"Import",5,67.896
"H0","AUS","9503","Australia","BGR","Bulgaria",2025,"Import",5,37.815
"H0","AUS","9503","Australia","BHR","Bahrain",1999,"Import",5,9.116
"H0","AUS","9503","Australia","BHR","Bahrain",2003,"Import",5,0.754
"H0","AUS","9503","Australia","BHR","Bahrain",2004,"Import",5,0.601
"H0","AUS","9503","Australia","BHR","Bahrain",2005,"Import",5,0.544
"H0","AUS","9503","Australia","BHR","Bahrain",2016,"Import",5,0.942
"H0","AUS","9503","Australia","BHR","Bahrain",2018,"Import",5,2.776
"H0","AUS","9503","Australia","BHR","Bahrain",2020,"Import",5,4.274
"H0","AUS","9503","Australia","BHR","Bahrain",2021,"Import",5,14.666
"H0","AUS","9503","Australia","BHR","Bahrain",2022,"Import",5,20.57
"H0","AUS","9503","Australia","BHR","Bahrain",2023,"Import",5,44.739
"H0","AUS","9503","Australia","BHR","Bahrain",2024,"Import",5,27.257
"H0","AUS","9503","Australia","BHR","Bahrain",2025,"Import",5,223.207
"H0","AUS","9503","Australia","BHS","Bahamas, The",1995,"Import",5,0.836
"H0","AUS","9503","Australia","BHS","Bahamas, The",1997,"Import",5,13.435
"H0","AUS","9503","Australia","BHS","Bahamas, The",1998,"Import",5,8.06
"H0","AUS","9503","Australia","BHS","Bahamas, The",2025,"Import",5,3.335
"H0","AUS","9503","Australia","BIH","Bosnia and Herzegovina",2010,"Import",5,0.984
"H0","AUS","9503","Australia","BIH","Bosnia and Herzegovina",2015,"Import",5,13.048
"H0","AUS","9503","Australia","BIH","Bosnia and Herzegovina",2016,"Import",5,16.992
"H0","AUS","9503","Australia","BIH","Bosnia and Herzegovina",2018,"Import",5,96.839
"H0","AUS","9503","Australia","BIH","Bosnia and Herzegovina",2019,"Import",5,22.446
"H0","AUS","9503","Australia","BIH","Bosnia and Herzegovina",2020,"Import",5,262.197
"H0","AUS","9503","Australia","BIH","Bosnia and Herzegovina",2021,"Import",5,800.685
"H0","AUS","9503","Australia","BIH","Bosnia and Herzegovina",2022,"Import",5,525.733
"H0","AUS","9503","Australia","BIH","Bosnia and Herzegovina",2023,"Import",5,211.259
"H0","AUS","9503","Australia","BIH","Bosnia and Herzegovina",2024,"Import",5,330.897
"H0","AUS","9503","Australia","BIH","Bosnia and Herzegovina",2025,"Import",5,459.364
"H0","AUS","9503","Australia","BLR","Belarus",2001,"Import",5,6.141
"H0","AUS","9503","Australia","BLR","Belarus",2002,"Import",5,4.945
"H0","AUS","9503","Australia","BLR","Belarus",2003,"Import",5,6.169
"H0","AUS","9503","Australia","BLR","Belarus",2004,"Import",5,3.478
"H0","AUS","9503","Australia","BLR","Belarus",2005,"Import",5,2.923
"H0","AUS","9503","Australia","BLR","Belarus",2006,"Import",5,1.664
"H0","AUS","9503","Australia","BLR","Belarus",2016,"Import",5,28.468
"H0","AUS","9503","Australia","BLR","Belarus",2017,"Import",5,16.929
"H0","AUS","9503","Australia","BLR","Belarus",2018,"Import",5,30.537
"H0","AUS","9503","Australia","BLR","Belarus",2020,"Import",5,7.234
"H0","AUS","9503","Australia","BLR","Belarus",2021,"Import",5,33.716
"H0","AUS","9503","Australia","BLR","Belarus",2023,"Import",5,2.092
"H0","AUS","9503","Australia","BLX","Belgium-Luxembourg",1995,"Import",5,101.995
"H0","AUS","9503","Australia","BLX","Belgium-Luxembourg",1996,"Import",5,24.931
"H0","AUS","9503","Australia","BLX","Belgium-Luxembourg",1997,"Import",5,33.908
"H0","AUS","9503","Australia","BLX","Belgium-Luxembourg",1998,"Import",5,34.739
"H0","AUS","9503","Australia","BLZ","Belize",2002,"Import",5,6.664
"H0","AUS","9503","Australia","BOL","Bolivia",2004,"Import",5,0.611
"H0","AUS","9503","Australia","BOL","Bolivia",2005,"Import",5,2.699
"H0","AUS","9503","Australia","BOL","Bolivia",2009,"Import",5,2.251
"H0","AUS","9503","Australia","BOL","Bolivia",2014,"Import",5,2.187
"H0","AUS","9503","Australia","BOL","Bolivia",2015,"Import",5,17.272
"H0","AUS","9503","Australia","BOL","Bolivia",2016,"Import",5,17.244
"H0","AUS","9503","Australia","BOL","Bolivia",2017,"Import",5,2.602
"H0","AUS","9503","Australia","BOL","Bolivia",2021,"Import",5,7.435
"H0","AUS","9503","Australia","BRA","Brazil",1995,"Import",5,5.944
"H0","AUS","9503","Australia","BRA","Brazil",1996,"Import",5,40.65
"H0","AUS","9503","Australia","BRA","Brazil",1998,"Import",5,55.376
"H0","AUS","9503","Australia","BRA","Brazil",1999,"Import",5,40.936
"H0","AUS","9503","Australia","BRA","Brazil",2000,"Import",5,13.95
"H0","AUS","9503","Australia","BRA","Brazil",2001,"Import",5,0.212
"H0","AUS","9503","Australia","BRA","Brazil",2002,"Import",5,3.443
"H0","AUS","9503","Australia","BRA","Brazil",2003,"Import",5,1.378
"H0","AUS","9503","Australia","BRA","Brazil",2004,"Import",5,8.771
"H0","AUS","9503","Australia","BRA","Brazil",2005,"Import",5,93.922
"H0","AUS","9503","Australia","BRA","Brazil",2006,"Import",5,26.418
"H0","AUS","9503","Australia","BRA","Brazil",2007,"Import",5,11.233
"H0","AUS","9503","Australia","BRA","Brazil",2008,"Import",5,9.167
"H0","AUS","9503","Australia","BRA","Brazil",2009,"Import",5,15.955
"H0","AUS","9503","Australia","BRA","Brazil",2010,"Import",5,5.317
"H0","AUS","9503","Australia","BRA","Brazil",2011,"Import",5,7.455
"H0","AUS","9503","Australia","BRA","Brazil",2012,"Import",5,112.849
"H0","AUS","9503","Australia","BRA","Brazil",2013,"Import",5,21.265
"H0","AUS","9503","Australia","BRA","Brazil",2015,"Import",5,8.445
"H0","AUS","9503","Australia","BRA","Brazil",2016,"Import",5,15.662
"H0","AUS","9503","Australia","BRA","Brazil",2017,"Import",5,7.046
"H0","AUS","9503","Australia","BRA","Brazil",2018,"Import",5,51.312
"H0","AUS","9503","Australia","BRA","Brazil",2019,"Import",5,39.615
"H0","AUS","9503","Australia","BRA","Brazil",2020,"Import",5,21.21
"H0","AUS","9503","Australia","BRA","Brazil",2021,"Import",5,63.808
"H0","AUS","9503","Australia","BRA","Brazil",2022,"Import",5,55.581
"H0","AUS","9503","Australia","BRA","Brazil",2023,"Import",5,25.809
"H0","AUS","9503","Australia","BRA","Brazil",2024,"Import",5,37.803
"H0","AUS","9503","Australia","BRA","Brazil",2025,"Import",5,56.127
"H0","AUS","9503","Australia","BRN","Brunei",2004,"Import",5,0.252
"H0","AUS","9503","Australia","BRN","Brunei",2005,"Import",5,0.901
"H0","AUS","9503","Australia","BRN","Brunei",2006,"Import",5,5.531
"H0","AUS","9503","Australia","BRN","Brunei",2013,"Import",5,2.879
"H0","AUS","9503","Australia","BRN","Brunei",2022,"Import",5,33.481
"H0","AUS","9503","Australia","BWA","Botswana",2012,"Import",5,10.042
"H0","AUS","9503","Australia","CAN","Canada",1995,"Import",5,1555.291
"H0","AUS","9503","Australia","CAN","Canada",1996,"Import",5,1301.325
"H0","AUS","9503","Australia","CAN","Canada",1997,"Import",5,1731.394
"H0","AUS","9503","Australia","CAN","Canada",1998,"Import",5,1225.281
"H0","AUS","9503","Australia","CAN","Canada",1999,"Import",5,1555.822
"H0","AUS","9503","Australia","CAN","Canada",2000,"Import",5,2516.705
"H0","AUS","9503","Australia","CAN","Canada",2001,"Import",5,2654.812
"H0","AUS","9503","Australia","CAN","Canada",2002,"Import",5,3008.506
"H0","AUS","9503","Australia","CAN","Canada",2003,"Import",5,3329.66
"H0","AUS","9503","Australia","CAN","Canada",2004,"Import",5,5110.002
"H0","AUS","9503","Australia","CAN","Canada",2005,"Import",5,2184.19
"H0","AUS","9503","Australia","CAN","Canada",2006,"Import",5,2868.424
"H0","AUS","9503","Australia","CAN","Canada",2007,"Import",5,2712.464
"H0","AUS","9503","Australia","CAN","Canada",2008,"Import",5,3323.213
"H0","AUS","9503","Australia","CAN","Canada",2009,"Import",5,3460.537
"H0","AUS","9503","Australia","CAN","Canada",2010,"Import",5,5328.649
"H0","AUS","9503","Australia","CAN","Canada",2011,"Import",5,5186.395
"H0","AUS","9503","Australia","CAN","Canada",2012,"Import",5,6033.78
"H0","AUS","9503","Australia","CAN","Canada",2013,"Import",5,6581.725
"H0","AUS","9503","Australia","CAN","Canada",2014,"Import",5,5820.17
"H0","AUS","9503","Australia","CAN","Canada",2015,"Import",5,5798.638
"H0","AUS","9503","Australia","CAN","Canada",2016,"Import",5,4029.954
"H0","AUS","9503","Australia","CAN","Canada",2017,"Import",5,3122.369
"H0","AUS","9503","Australia","CAN","Canada",2018,"Import",5,2224.049
"H0","AUS","9503","Australia","CAN","Canada",2019,"Import",5,1875.071
"H0","AUS","9503","Australia","CAN","Canada",2020,"Import",5,1178.995
"H0","AUS","9503","Australia","CAN","Canada",2021,"Import",5,1705.499
"H0","AUS","9503","Australia","CAN","Canada",2022,"Import",5,609.196
"H0","AUS","9503","Australia","CAN","Canada",2023,"Import",5,562.543
"H0","AUS","9503","Australia","CAN","Canada",2024,"Import",5,211.371
"H0","AUS","9503","Australia","CAN","Canada",2025,"Import",5,175.237
"H0","AUS","9503","Australia","CCK","Cocos (Keeling) Islands",2013,"Import",5,4.732
"H0","AUS","9503","Australia","CHE","Switzerland",1995,"Import",5,3284.52
"H0","AUS","9503","Australia","CHE","Switzerland",1996,"Import",5,5168.595
"H0","AUS","9503","Australia","CHE","Switzerland",1997,"Import",5,4265.859
"H0","AUS","9503","Australia","CHE","Switzerland",1998,"Import",5,2502.761
"H0","AUS","9503","Australia","CHE","Switzerland",1999,"Import",5,4073.61
"H0","AUS","9503","Australia","CHE","Switzerland",2000,"Import",5,6885.712
"H0","AUS","9503","Australia","CHE","Switzerland",2001,"Import",5,6968.105
"H0","AUS","9503","Australia","CHE","Switzerland",2002,"Import",5,7246.233
"H0","AUS","9503","Australia","CHE","Switzerland",2003,"Import",5,6131.452
"H0","AUS","9503","Australia","CHE","Switzerland",2004,"Import",5,6362.035
"H0","AUS","9503","Australia","CHE","Switzerland",2005,"Import",5,6999.474
"H0","AUS","9503","Australia","CHE","Switzerland",2006,"Import",5,2301.881
"H0","AUS","9503","Australia","CHE","Switzerland",2007,"Import",5,1959.011
"H0","AUS","9503","Australia","CHE","Switzerland",2008,"Import",5,422.387
"H0","AUS","9503","Australia","CHE","Switzerland",2009,"Import",5,139.886
"H0","AUS","9503","Australia","CHE","Switzerland",2010,"Import",5,516.281
"H0","AUS","9503","Australia","CHE","Switzerland",2011,"Import",5,377.274
"H0","AUS","9503","Australia","CHE","Switzerland",2012,"Import",5,484.412
"H0","AUS","9503","Australia","CHE","Switzerland",2013,"Import",5,387.356
"H0","AUS","9503","Australia","CHE","Switzerland",2014,"Import",5,506.926
"H0","AUS","9503","Australia","CHE","Switzerland",2015,"Import",5,588.664
"H0","AUS","9503","Australia","CHE","Switzerland",2016,"Import",5,570.504
"H0","AUS","9503","Australia","CHE","Switzerland",2017,"Import",5,231.901
"H0","AUS","9503","Australia","CHE","Switzerland",2018,"Import",5,369.902
"H0","AUS","9503","Australia","CHE","Switzerland",2019,"Import",5,538.739
"H0","AUS","9503","Australia","CHE","Switzerland",2020,"Import",5,651.897
"H0","AUS","9503","Australia","CHE","Switzerland",2021,"Import",5,910.246
"H0","AUS","9503","Australia","CHE","Switzerland",2022,"Import",5,235.35
"H0","AUS","9503","Australia","CHE","Switzerland",2023,"Import",5,179.449
"H0","AUS","9503","Australia","CHE","Switzerland",2024,"Import",5,127.457
"H0","AUS","9503","Australia","CHE","Switzerland",2025,"Import",5,59.107
"H0","AUS","9503","Australia","CHL","Chile",1995,"Import",5,26.828
"H0","AUS","9503","Australia","CHL","Chile",1997,"Import",5,0.779
"H0","AUS","9503","Australia","CHL","Chile",1998,"Import",5,0.609
"H0","AUS","9503","Australia","CHL","Chile",2000,"Import",5,2.074
"H0","AUS","9503","Australia","CHL","Chile",2001,"Import",5,39.997
"H0","AUS","9503","Australia","CHL","Chile",2002,"Import",5,0.273
"H0","AUS","9503","Australia","CHL","Chile",2003,"Import",5,1.663
"H0","AUS","9503","Australia","CHL","Chile",2004,"Import",5,0.636
"H0","AUS","9503","Australia","CHL","Chile",2005,"Import",5,2.821
"H0","AUS","9503","Australia","CHL","Chile",2006,"Import",5,1.171
"H0","AUS","9503","Australia","CHL","Chile",2007,"Import",5,3.117
"H0","AUS","9503","Australia","CHL","Chile",2008,"Import",5,4.115
"H0","AUS","9503","Australia","CHL","Chile",2009,"Import",5,3.308
"H0","AUS","9503","Australia","CHL","Chile",2010,"Import",5,72.292
"H0","AUS","9503","Australia","CHL","Chile",2012,"Import",5,1.664
"H0","AUS","9503","Australia","CHL","Chile",2013,"Import",5,1.021
"H0","AUS","9503","Australia","CHL","Chile",2016,"Import",5,1.941
"H0","AUS","9503","Australia","CHL","Chile",2017,"Import",5,1.328
"H0","AUS","9503","Australia","CHL","Chile",2018,"Import",5,3.232
"H0","AUS","9503","Australia","CHL","Chile",2021,"Import",5,1.07
"H0","AUS","9503","Australia","CHN","China",1995,"Import",5,121321.737
"H0","AUS","9503","Australia","CHN","China",1996,"Import",5,137911.876
"H0","AUS","9503","Australia","CHN","China",1997,"Import",5,164424.604
"H0","AUS","9503","Australia","CHN","China",1998,"Import",5,160317.956
"H0","AUS","9503","Australia","CHN","China",1999,"Import",5,163121.104
"H0","AUS","9503","Australia","CHN","China",2000,"Import",5,182471.805
"H0","AUS","9503","Australia","CHN","China",2001,"Import",5,188386.957
"H0","AUS","9503","Australia","CHN","China",2002,"Import",5,215243.159
"H0","AUS","9503","Australia","CHN","China",2003,"Import",5,258545.34
"H0","AUS","9503","Australia","CHN","China",2004,"Import",5,323740.291
"H0","AUS","9503","Australia","CHN","China",2005,"Import",5,354630.215
"H0","AUS","9503","Australia","CHN","China",2006,"Import",5,373871.194
"H0","AUS","9503","Australia","CHN","China",2007,"Import",5,494190.177
"H0","AUS","9503","Australia","CHN","China",2008,"Import",5,559192.939
"H0","AUS","9503","Australia","CHN","China",2009,"Import",5,502567.654
"H0","AUS","9503","Australia","CHN","China",2010,"Import",5,647003.035
"H0","AUS","9503","Australia","CHN","China",2011,"Import",5,655747.195
"H0","AUS","9503","Australia","CHN","China",2012,"Import",5,704258.463
"H0","AUS","9503","Australia","CHN","China",2013,"Import",5,725285.183
"H0","AUS","9503","Australia","CHN","China",2014,"Import",5,755888.643
"H0","AUS","9503","Australia","CHN","China",2015,"Import",5,755684.387
"H0","AUS","9503","Australia","CHN","China",2016,"Import",5,778976.059
"H0","AUS","9503","Australia","CHN","China",2017,"Import",5,893672.855
"H0","AUS","9503","Australia","CHN","China",2018,"Import",5,939852.985
"H0","AUS","9503","Australia","CHN","China",2019,"Import",5,893326.599
"H0","AUS","9503","Australia","CHN","China",2020,"Import",5,960985.54
"H0","AUS","9503","Australia","CHN","China",2021,"Import",5,1176290.238
"H0","AUS","9503","Australia","CHN","China",2022,"Import",5,1217008.14
"H0","AUS","9503","Australia","CHN","China",2023,"Import",5,979412.755
"H0","AUS","9503","Australia","CHN","China",2024,"Import",5,1099898.083
"H0","AUS","9503","Australia","CHN","China",2025,"Import",5,1148703.563
"H0","AUS","9503","Australia","CMR","Cameroon",1996,"Import",5,3.73
"H0","AUS","9503","Australia","CMR","Cameroon",2006,"Import",5,5.352
"H0","AUS","9503","Australia","CMR","Cameroon",2007,"Import",5,1.021
"H0","AUS","9503","Australia","CMR","Cameroon",2008,"Import",5,1.734
"H0","AUS","9503","Australia","CMR","Cameroon",2010,"Import",5,1.005
"H0","AUS","9503","Australia","CMR","Cameroon",2011,"Import",5,8.446
"H0","AUS","9503","Australia","CMR","Cameroon",2015,"Import",5,8.607
"H0","AUS","9503","Australia","CMR","Cameroon",2016,"Import",5,1.025
"H0","AUS","9503","Australia","CMR","Cameroon",2018,"Import",5,6.895
"H0","AUS","9503","Australia","CMR","Cameroon",2024,"Import",5,79.238
"H0","AUS","9503","Australia","COL","Colombia",1995,"Import",5,38.392
"H0","AUS","9503","Australia","COL","Colombia",1996,"Import",5,9.227
"H0","AUS","9503","Australia","COL","Colombia",1997,"Import",5,3.788
"H0","AUS","9503","Australia","COL","Colombia",1999,"Import",5,4.534
"H0","AUS","9503","Australia","COL","Colombia",2000,"Import",5,19.62
"H0","AUS","9503","Australia","COL","Colombia",2001,"Import",5,11.738
"H0","AUS","9503","Australia","COL","Colombia",2002,"Import",5,15.316
"H0","AUS","9503","Australia","COL","Colombia",2003,"Import",5,2.67
"H0","AUS","9503","Australia","COL","Colombia",2004,"Import",5,44.697
"H0","AUS","9503","Australia","COL","Colombia",2005,"Import",5,66.18
"H0","AUS","9503","Australia","COL","Colombia",2006,"Import",5,898.05
"H0","AUS","9503","Australia","COL","Colombia",2007,"Import",5,682.3
"H0","AUS","9503","Australia","COL","Colombia",2008,"Import",5,1109.971
"H0","AUS","9503","Australia","COL","Colombia",2009,"Import",5,423.561
"H0","AUS","9503","Australia","COL","Colombia",2010,"Import",5,735.395
"H0","AUS","9503","Australia","COL","Colombia",2011,"Import",5,729.419
"H0","AUS","9503","Australia","COL","Colombia",2012,"Import",5,692.438
"H0","AUS","9503","Australia","COL","Colombia",2013,"Import",5,634.739
"H0","AUS","9503","Australia","COL","Colombia",2014,"Import",5,593.884
"H0","AUS","9503","Australia","COL","Colombia",2015,"Import",5,770.448
"H0","AUS","9503","Australia","COL","Colombia",2016,"Import",5,353.005
"H0","AUS","9503","Australia","COL","Colombia",2017,"Import",5,924.511
"H0","AUS","9503","Australia","COL","Colombia",2018,"Import",5,841.736
"H0","AUS","9503","Australia","COL","Colombia",2019,"Import",5,918.095
"H0","AUS","9503","Australia","COL","Colombia",2020,"Import",5,933.197
"H0","AUS","9503","Australia","COL","Colombia",2021,"Import",5,2570.994
"H0","AUS","9503","Australia","COL","Colombia",2022,"Import",5,2281.744
"H0","AUS","9503","Australia","COL","Colombia",2023,"Import",5,2513.063
"H0","AUS","9503","Australia","COL","Colombia",2024,"Import",5,2367.817
"H0","AUS","9503","Australia","COL","Colombia",2025,"Import",5,2180.09
"H0","AUS","9503","Australia","CPV","Cape Verde",2007,"Import",5,5.497
"H0","AUS","9503","Australia","CPV","Cape Verde",2020,"Import",5,4.733
"H0","AUS","9503","Australia","CPV","Cape Verde",2023,"Import",5,1.099
"H0","AUS","9503","Australia","CRI","Costa Rica",2017,"Import",5,1.246
"H0","AUS","9503","Australia","CRI","Costa Rica",2021,"Import",5,8.04
"H0","AUS","9503","Australia","CRI","Costa Rica",2023,"Import",5,0.831
"H0","AUS","9503","Australia","CUB","Cuba",2018,"Import",5,12.919
"H0","AUS","9503","Australia","CUB","Cuba",2024,"Import",5,1.192
"H0","AUS","9503","Australia","CYM","Cayman Islands",2002,"Import",5,1.089
"H0","AUS","9503","Australia","CYM","Cayman Islands",2003,"Import",5,0.491
"H0","AUS","9503","Australia","CYM","Cayman Islands",2011,"Import",5,2.777
"H0","AUS","9503","Australia","CYM","Cayman Islands",2014,"Import",5,0.942
"H0","AUS","9503","Australia","CYP","Cyprus",1999,"Import",5,2.493
"H0","AUS","9503","Australia","CYP","Cyprus",2005,"Import",5,6.583
"H0","AUS","9503","Australia","CYP","Cyprus",2006,"Import",5,5.704
"H0","AUS","9503","Australia","CYP","Cyprus",2007,"Import",5,2.594
"H0","AUS","9503","Australia","CYP","Cyprus",2014,"Import",5,132.274
"H0","AUS","9503","Australia","CYP","Cyprus",2015,"Import",5,135.009
"H0","AUS","9503","Australia","CYP","Cyprus",2016,"Import",5,92.184
"H0","AUS","9503","Australia","CYP","Cyprus",2017,"Import",5,12.767
"H0","AUS","9503","Australia","CYP","Cyprus",2018,"Import",5,4.697
"H0","AUS","9503","Australia","CYP","Cyprus",2019,"Import",5,188.035
"H0","AUS","9503","Australia","CYP","Cyprus",2020,"Import",5,89.314
"H0","AUS","9503","Australia","CYP","Cyprus",2023,"Import",5,28.32
"H0","AUS","9503","Australia","CYP","Cyprus",2024,"Import",5,1.062
"H0","AUS","9503","Australia","CZE","Czech Republic",1995,"Import",5,156.959
"H0","AUS","9503","Australia","CZE","Czech Republic",1996,"Import",5,121.846
"H0","AUS","9503","Australia","CZE","Czech Republic",1997,"Import",5,105.692
"H0","AUS","9503","Australia","CZE","Czech Republic",1998,"Import",5,88.307
"H0","AUS","9503","Australia","CZE","Czech Republic",1999,"Import",5,102.9
"H0","AUS","9503","Australia","CZE","Czech Republic",2000,"Import",5,138.03
"H0","AUS","9503","Australia","CZE","Czech Republic",2001,"Import",5,577.388
"H0","AUS","9503","Australia","CZE","Czech Republic",2002,"Import",5,306.01
"H0","AUS","9503","Australia","CZE","Czech Republic",2003,"Import",5,776.751
"H0","AUS","9503","Australia","CZE","Czech Republic",2004,"Import",5,1115.908
"H0","AUS","9503","Australia","CZE","Czech Republic",2005,"Import",5,1417.927
"H0","AUS","9503","Australia","CZE","Czech Republic",2006,"Import",5,2783.535
"H0","AUS","9503","Australia","CZE","Czech Republic",2007,"Import",5,5079.249
"H0","AUS","9503","Australia","CZE","Czech Republic",2008,"Import",5,8797.109
"H0","AUS","9503","Australia","CZE","Czech Republic",2009,"Import",5,17127.345
"H0","AUS","9503","Australia","CZE","Czech Republic",2010,"Import",5,18149.452
"H0","AUS","9503","Australia","CZE","Czech Republic",2011,"Import",5,24740.968
"H0","AUS","9503","Australia","CZE","Czech Republic",2012,"Import",5,11324.86
"H0","AUS","9503","Australia","CZE","Czech Republic",2013,"Import",5,3777.957
"H0","AUS","9503","Australia","CZE","Czech Republic",2014,"Import",5,12267.091
"H0","AUS","9503","Australia","CZE","Czech Republic",2015,"Import",5,38662.54
"H0","AUS","9503","Australia","CZE","Czech Republic",2016,"Import",5,23915.088
"H0","AUS","9503","Australia","CZE","Czech Republic",2017,"Import",5,6710.561
"H0","AUS","9503","Australia","CZE","Czech Republic",2018,"Import",5,6880.495
"H0","AUS","9503","Australia","CZE","Czech Republic",2019,"Import",5,5221.612
"H0","AUS","9503","Australia","CZE","Czech Republic",2020,"Import",5,8655.331
"H0","AUS","9503","Australia","CZE","Czech Republic",2021,"Import",5,9956.335
"H0","AUS","9503","Australia","CZE","Czech Republic",2022,"Import",5,4027.955
"H0","AUS","9503","Australia","CZE","Czech Republic",2023,"Import",5,4301.283
"H0","AUS","9503","Australia","CZE","Czech Republic",2024,"Import",5,4612.99
"H0","AUS","9503","Australia","CZE","Czech Republic",2025,"Import",5,6007.27
"H0","AUS","9503","Australia","DEU","Germany",1995,"Import",5,2458.357
"H0","AUS","9503","Australia","DEU","Germany",1996,"Import",5,2856.552
"H0","AUS","9503","Australia","DEU","Germany",1997,"Import",5,2642.284
"H0","AUS","9503","Australia","DEU","Germany",1998,"Import",5,2486.346
"H0","AUS","9503","Australia","DEU","Germany",1999,"Import",5,2946.551
"H0","AUS","9503","Australia","DEU","Germany",2000,"Import",5,2626.259
"H0","AUS","9503","Australia","DEU","Germany",2001,"Import",5,3491.27
"H0","AUS","9503","Australia","DEU","Germany",2002,"Import",5,5824.565
"H0","AUS","9503","Australia","DEU","Germany",2003,"Import",5,5473.869
"H0","AUS","9503","Australia","DEU","Germany",2004,"Import",5,7028.386
"H0","AUS","9503","Australia","DEU","Germany",2005,"Import",5,6751.627
"H0","AUS","9503","Australia","DEU","Germany",2006,"Import",5,7432.133
"H0","AUS","9503","Australia","DEU","Germany",2007,"Import",5,9272.565
"H0","AUS","9503","Australia","DEU","Germany",2008,"Import",5,8608.245
"H0","AUS","9503","Australia","DEU","Germany",2009,"Import",5,6556.612
"H0","AUS","9503","Australia","DEU","Germany",2010,"Import",5,5639.39
"H0","AUS","9503","Australia","DEU","Germany",2011,"Import",5,5581.779
"H0","AUS","9503","Australia","DEU","Germany",2012,"Import",5,5673.398
"H0","AUS","9503","Australia","DEU","Germany",2013,"Import",5,7707.897
"H0","AUS","9503","Australia","DEU","Germany",2014,"Import",5,4990.389
"H0","AUS","9503","Australia","DEU","Germany",2015,"Import",5,4619.847
"H0","AUS","9503","Australia","DEU","Germany",2016,"Import",5,5309.72
"H0","AUS","9503","Australia","DEU","Germany",2017,"Import",5,5999.816
"H0","AUS","9503","Australia","DEU","Germany",2018,"Import",5,6400.628
"H0","AUS","9503","Australia","DEU","Germany",2019,"Import",5,7361.722
"H0","AUS","9503","Australia","DEU","Germany",2020,"Import",5,9806.286
"H0","AUS","9503","Australia","DEU","Germany",2021,"Import",5,13726.532
"H0","AUS","9503","Australia","DEU","Germany",2022,"Import",5,10987.339
"H0","AUS","9503","Australia","DEU","Germany",2023,"Import",5,7165.635
"H0","AUS","9503","Australia","DEU","Germany",2024,"Import",5,5459.188
"H0","AUS","9503","Australia","DEU","Germany",2025,"Import",5,5973.838
"H0","AUS","9503","Australia","DMA","Dominica",2011,"Import",5,10.061
"H0","AUS","9503","Australia","DNK","Denmark",1995,"Import",5,7139.299
"H0","AUS","9503","Australia","DNK","Denmark",1996,"Import",5,9381.809
"H0","AUS","9503","Australia","DNK","Denmark",1997,"Import",5,7962.705
"H0","AUS","9503","Australia","DNK","Denmark",1998,"Import",5,5973.592
"H0","AUS","9503","Australia","DNK","Denmark",1999,"Import",5,8260.192
"H0","AUS","9503","Australia","DNK","Denmark",2000,"Import",5,5911.204
"H0","AUS","9503","Australia","DNK","Denmark",2001,"Import",5,7516.301
"H0","AUS","9503","Australia","DNK","Denmark",2002,"Import",5,13435.522
"H0","AUS","9503","Australia","DNK","Denmark",2003,"Import",5,9803.676
"H0","AUS","9503","Australia","DNK","Denmark",2004,"Import",5,14560.974
"H0","AUS","9503","Australia","DNK","Denmark",2005,"Import",5,10508.841
"H0","AUS","9503","Australia","DNK","Denmark",2006,"Import",5,13846.588
"H0","AUS","9503","Australia","DNK","Denmark",2007,"Import",5,25944.904
"H0","AUS","9503","Australia","DNK","Denmark",2008,"Import",5,33000.676
"H0","AUS","9503","Australia","DNK","Denmark",2009,"Import",5,34705.114
"H0","AUS","9503","Australia","DNK","Denmark",2010,"Import",5,46453.753
"H0","AUS","9503","Australia","DNK","Denmark",2011,"Import",5,46754.71
"H0","AUS","9503","Australia","DNK","Denmark",2012,"Import",5,66564.365
"H0","AUS","9503","Australia","DNK","Denmark",2013,"Import",5,39846.712
"H0","AUS","9503","Australia","DNK","Denmark",2014,"Import",5,59220.42
"H0","AUS","9503","Australia","DNK","Denmark",2015,"Import",5,35329.3
"H0","AUS","9503","Australia","DNK","Denmark",2016,"Import",5,24861.655
"H0","AUS","9503","Australia","DNK","Denmark",2017,"Import",5,14100.493
"H0","AUS","9503","Australia","DNK","Denmark",2018,"Import",5,8393.888
"H0","AUS","9503","Australia","DNK","Denmark",2019,"Import",5,4587.964
"H0","AUS","9503","Australia","DNK","Denmark",2020,"Import",5,8669.23
"H0","AUS","9503","Australia","DNK","Denmark",2021,"Import",5,8372.405
"H0","AUS","9503","Australia","DNK","Denmark",2022,"Import",5,7392.438
"H0","AUS","9503","Australia","DNK","Denmark",2023,"Import",5,4066.466
"H0","AUS","9503","Australia","DNK","Denmark",2024,"Import",5,2678.992
"H0","AUS","9503","Australia","DNK","Denmark",2025,"Import",5,1577.444
"H0","AUS","9503","Australia","DOM","Dominican Republic",1997,"Import",5,1.663
"H0","AUS","9503","Australia","DOM","Dominican Republic",2000,"Import",5,0.623
"H0","AUS","9503","Australia","DOM","Dominican Republic",2001,"Import",5,0.281
"H0","AUS","9503","Australia","DOM","Dominican Republic",2006,"Import",5,3.929
"H0","AUS","9503","Australia","DOM","Dominican Republic",2008,"Import",5,15.286
"H0","AUS","9503","Australia","DOM","Dominican Republic",2015,"Import",5,1.507
"H0","AUS","9503","Australia","DOM","Dominican Republic",2016,"Import",5,1.471
"H0","AUS","9503","Australia","DZA","Algeria",2011,"Import",5,32.308
"H0","AUS","9503","Australia","ECU","Ecuador",1997,"Import",5,0.806
"H0","AUS","9503","Australia","ECU","Ecuador",1998,"Import",5,19.101
"H0","AUS","9503","Australia","ECU","Ecuador",2000,"Import",5,0.543
"H0","AUS","9503","Australia","ECU","Ecuador",2002,"Import",5,0.639
"H0","AUS","9503","Australia","ECU","Ecuador",2003,"Import",5,0.582
"H0","AUS","9503","Australia","ECU","Ecuador",2004,"Import",5,0.624
"H0","AUS","9503","Australia","ECU","Ecuador",2005,"Import",5,1.349
"H0","AUS","9503","Australia","ECU","Ecuador",2011,"Import",5,1.077
"H0","AUS","9503","Australia","EGY","Egypt, Arab Rep.",1997,"Import",5,22.715
"H0","AUS","9503","Australia","EGY","Egypt, Arab Rep.",1998,"Import",5,4.221
"H0","AUS","9503","Australia","EGY","Egypt, Arab Rep.",1999,"Import",5,8.612
"H0","AUS","9503","Australia","EGY","Egypt, Arab Rep.",2000,"Import",5,32.376
"H0","AUS","9503","Australia","EGY","Egypt, Arab Rep.",2001,"Import",5,10.985
"H0","AUS","9503","Australia","EGY","Egypt, Arab Rep.",2002,"Import",5,34.598
"H0","AUS","9503","Australia","EGY","Egypt, Arab Rep.",2003,"Import",5,106.147
"H0","AUS","9503","Australia","EGY","Egypt, Arab Rep.",2004,"Import",5,51.928
"H0","AUS","9503","Australia","EGY","Egypt, Arab Rep.",2005,"Import",5,26.251
"H0","AUS","9503","Australia","EGY","Egypt, Arab Rep.",2006,"Import",5,18.941
"H0","AUS","9503","Australia","EGY","Egypt, Arab Rep.",2007,"Import",5,16.746
"H0","AUS","9503","Australia","EGY","Egypt, Arab Rep.",2008,"Import",5,16.436
"H0","AUS","9503","Australia","EGY","Egypt, Arab Rep.",2009,"Import",5,14.983
"H0","AUS","9503","Australia","EGY","Egypt, Arab Rep.",2010,"Import",5,18.136
"H0","AUS","9503","Australia","EGY","Egypt, Arab Rep.",2011,"Import",5,27.418
"H0","AUS","9503","Australia","EGY","Egypt, Arab Rep.",2012,"Import",5,4.28
"H0","AUS","9503","Australia","EGY","Egypt, Arab Rep.",2013,"Import",5,4.947
"H0","AUS","9503","Australia","EGY","Egypt, Arab Rep.",2014,"Import",5,30.572
"H0","AUS","9503","Australia","EGY","Egypt, Arab Rep.",2015,"Import",5,35.04
"H0","AUS","9503","Australia","EGY","Egypt, Arab Rep.",2018,"Import",5,7.164
"H0","AUS","9503","Australia","EGY","Egypt, Arab Rep.",2019,"Import",5,5.427
"H0","AUS","9503","Australia","EGY","Egypt, Arab Rep.",2020,"Import",5,12.11
"H0","AUS","9503","Australia","EGY","Egypt, Arab Rep.",2021,"Import",5,5.593
"H0","AUS","9503","Australia","EGY","Egypt, Arab Rep.",2022,"Import",5,1.536
"H0","AUS","9503","Australia","EGY","Egypt, Arab Rep.",2023,"Import",5,13.293
"H0","AUS","9503","Australia","EGY","Egypt, Arab Rep.",2024,"Import",5,15.817
"H0","AUS","9503","Australia","EGY","Egypt, Arab Rep.",2025,"Import",5,8.874
"H0","AUS","9503","Australia","ESP","Spain",1995,"Import",5,986.052
"H0","AUS","9503","Australia","ESP","Spain",1996,"Import",5,1105.718
"H0","AUS","9503","Australia","ESP","Spain",1997,"Import",5,1703.435
"H0","AUS","9503","Australia","ESP","Spain",1998,"Import",5,1096.927
"H0","AUS","9503","Australia","ESP","Spain",1999,"Import",5,1318.687
"H0","AUS","9503","Australia","ESP","Spain",2000,"Import",5,2194.038
"H0","AUS","9503","Australia","ESP","Spain",2001,"Import",5,1254.418
"H0","AUS","9503","Australia","ESP","Spain",2002,"Import",5,1061.977
"H0","AUS","9503","Australia","ESP","Spain",2003,"Import",5,830.48
"H0","AUS","9503","Australia","ESP","Spain",2004,"Import",5,871.706
"H0","AUS","9503","Australia","ESP","Spain",2005,"Import",5,925.761
"H0","AUS","9503","Australia","ESP","Spain",2006,"Import",5,930.516
"H0","AUS","9503","Australia","ESP","Spain",2007,"Import",5,1282.287
"H0","AUS","9503","Australia","ESP","Spain",2008,"Import",5,1705.7
"H0","AUS","9503","Australia","ESP","Spain",2009,"Import",5,863.944
"H0","AUS","9503","Australia","ESP","Spain",2010,"Import",5,551.359
"H0","AUS","9503","Australia","ESP","Spain",2011,"Import",5,968.51
"H0","AUS","9503","Australia","ESP","Spain",2012,"Import",5,925.225
"H0","AUS","9503","Australia","ESP","Spain",2013,"Import",5,765.545
"H0","AUS","9503","Australia","ESP","Spain",2014,"Import",5,780.678
"H0","AUS","9503","Australia","ESP","Spain",2015,"Import",5,767.294
"H0","AUS","9503","Australia","ESP","Spain",2016,"Import",5,858.116
"H0","AUS","9503","Australia","ESP","Spain",2017,"Import",5,986.837
"H0","AUS","9503","Australia","ESP","Spain",2018,"Import",5,1174.984
"H0","AUS","9503","Australia","ESP","Spain",2019,"Import",5,1438.729
"H0","AUS","9503","Australia","ESP","Spain",2020,"Import",5,2082.68
"H0","AUS","9503","Australia","ESP","Spain",2021,"Import",5,2638.44
"H0","AUS","9503","Australia","ESP","Spain",2022,"Import",5,1534.22
"H0","AUS","9503","Australia","ESP","Spain",2023,"Import",5,1056.02
"H0","AUS","9503","Australia","ESP","Spain",2024,"Import",5,1294.794
"H0","AUS","9503","Australia","ESP","Spain",2025,"Import",5,1079.095
"H0","AUS","9503","Australia","EST","Estonia",1997,"Import",5,1.837
"H0","AUS","9503","Australia","EST","Estonia",1998,"Import",5,11.074
"H0","AUS","9503","Australia","EST","Estonia",1999,"Import",5,11.614
"H0","AUS","9503","Australia","EST","Estonia",2000,"Import",5,4.934
"H0","AUS","9503","Australia","EST","Estonia",2001,"Import",5,5.705
"H0","AUS","9503","Australia","EST","Estonia",2002,"Import",5,9.705
"H0","AUS","9503","Australia","EST","Estonia",2009,"Import",5,8.383
"H0","AUS","9503","Australia","EST","Estonia",2010,"Import",5,9.672
"H0","AUS","9503","Australia","EST","Estonia",2015,"Import",5,2.79
"H0","AUS","9503","Australia","EST","Estonia",2016,"Import",5,1.207
"H0","AUS","9503","Australia","EST","Estonia",2017,"Import",5,3.505
"H0","AUS","9503","Australia","EST","Estonia",2019,"Import",5,0.827
"H0","AUS","9503","Australia","EST","Estonia",2020,"Import",5,3.988
"H0","AUS","9503","Australia","EST","Estonia",2021,"Import",5,14.304
"H0","AUS","9503","Australia","EST","Estonia",2022,"Import",5,18.837
"H0","AUS","9503","Australia","EST","Estonia",2023,"Import",5,478.09
"H0","AUS","9503","Australia","FIN","Finland",1995,"Import",5,4.098
"H0","AUS","9503","Australia","FIN","Finland",1996,"Import",5,18.986
"H0","AUS","9503","Australia","FIN","Finland",1997,"Import",5,2.424
"H0","AUS","9503","Australia","FIN","Finland",1998,"Import",5,135.875
"H0","AUS","9503","Australia","FIN","Finland",1999,"Import",5,3.36
"H0","AUS","9503","Australia","FIN","Finland",2000,"Import",5,7.46
"H0","AUS","9503","Australia","FIN","Finland",2001,"Import",5,15.068
"H0","AUS","9503","Australia","FIN","Finland",2002,"Import",5,39.161
"H0","AUS","9503","Australia","FIN","Finland",2003,"Import",5,61.888
"H0","AUS","9503","Australia","FIN","Finland",2004,"Import",5,34.891
"H0","AUS","9503","Australia","FIN","Finland",2005,"Import",5,68.442
"H0","AUS","9503","Australia","FIN","Finland",2006,"Import",5,155.488
"H0","AUS","9503","Australia","FIN","Finland",2007,"Import",5,191.762
"H0","AUS","9503","Australia","FIN","Finland",2008,"Import",5,173.281
"H0","AUS","9503","Australia","FIN","Finland",2009,"Import",5,6.545
"H0","AUS","9503","Australia","FIN","Finland",2010,"Import",5,41.175
"H0","AUS","9503","Australia","FIN","Finland",2011,"Import",5,35.644
"H0","AUS","9503","Australia","FIN","Finland",2012,"Import",5,19.048
"H0","AUS","9503","Australia","FIN","Finland",2013,"Import",5,32.913
"H0","AUS","9503","Australia","FIN","Finland",2014,"Import",5,4.209
"H0","AUS","9503","Australia","FIN","Finland",2015,"Import",5,24.281
"H0","AUS","9503","Australia","FIN","Finland",2016,"Import",5,28.646
"H0","AUS","9503","Australia","FIN","Finland",2017,"Import",5,54.203
"H0","AUS","9503","Australia","FIN","Finland",2018,"Import",5,17.335
"H0","AUS","9503","Australia","FIN","Finland",2019,"Import",5,78.068
"H0","AUS","9503","Australia","FIN","Finland",2020,"Import",5,185.358
"H0","AUS","9503","Australia","FIN","Finland",2021,"Import",5,113.039
"H0","AUS","9503","Australia","FIN","Finland",2022,"Import",5,61.493
"H0","AUS","9503","Australia","FIN","Finland",2023,"Import",5,31.23
"H0","AUS","9503","Australia","FIN","Finland",2024,"Import",5,55.208
"H0","AUS","9503","Australia","FIN","Finland",2025,"Import",5,45.095
"H0","AUS","9503","Australia","FJI","Fiji",2004,"Import",5,0.789
"H0","AUS","9503","Australia","FJI","Fiji",2006,"Import",5,3.148
"H0","AUS","9503","Australia","FJI","Fiji",2007,"Import",5,6.2
"H0","AUS","9503","Australia","FJI","Fiji",2008,"Import",5,2.192
"H0","AUS","9503","Australia","FJI","Fiji",2013,"Import",5,1.025
"H0","AUS","9503","Australia","FJI","Fiji",2015,"Import",5,10.07
"H0","AUS","9503","Australia","FJI","Fiji",2024,"Import",5,8.232
"H0","AUS","9503","Australia","FJI","Fiji",2025,"Import",5,9.306
"H0","AUS","9503","Australia","FRA","France",1995,"Import",5,1473.662
"H0","AUS","9503","Australia","FRA","France",1996,"Import",5,1790.772
"H0","AUS","9503","Australia","FRA","France",1997,"Import",5,1432.426
"H0","AUS","9503","Australia","FRA","France",1998,"Import",5,779.57
"H0","AUS","9503","Australia","FRA","France",1999,"Import",5,1135.187
"H0","AUS","9503","Australia","FRA","France",2000,"Import",5,1421.945
"H0","AUS","9503","Australia","FRA","France",2001,"Import",5,1600.877
"H0","AUS","9503","Australia","FRA","France",2002,"Import",5,1370.669
"H0","AUS","9503","Australia","FRA","France",2003,"Import",5,1679.963
"H0","AUS","9503","Australia","FRA","France",2004,"Import",5,1497.503
"H0","AUS","9503","Australia","FRA","France",2005,"Import",5,1557.046
"H0","AUS","9503","Australia","FRA","France",2006,"Import",5,1835.35
"H0","AUS","9503","Australia","FRA","France",2007,"Import",5,1694.614
"H0","AUS","9503","Australia","FRA","France",2008,"Import",5,1759.65
"H0","AUS","9503","Australia","FRA","France",2009,"Import",5,1339.007
"H0","AUS","9503","Australia","FRA","France",2010,"Import",5,2457.52
"H0","AUS","9503","Australia","FRA","France",2011,"Import",5,2007.282
"H0","AUS","9503","Australia","FRA","France",2012,"Import",5,1683.492
"H0","AUS","9503","Australia","FRA","France",2013,"Import",5,1684.102
"H0","AUS","9503","Australia","FRA","France",2014,"Import",5,2002.283
"H0","AUS","9503","Australia","FRA","France",2015,"Import",5,1758.908
"H0","AUS","9503","Australia","FRA","France",2016,"Import",5,1360.434
"H0","AUS","9503","Australia","FRA","France",2017,"Import",5,1971.938
"H0","AUS","9503","Australia","FRA","France",2018,"Import",5,979.268
"H0","AUS","9503","Australia","FRA","France",2019,"Import",5,892.322
"H0","AUS","9503","Australia","FRA","France",2020,"Import",5,1265.505
"H0","AUS","9503","Australia","FRA","France",2021,"Import",5,1677.991
"H0","AUS","9503","Australia","FRA","France",2022,"Import",5,1549.061
"H0","AUS","9503","Australia","FRA","France",2023,"Import",5,621.089
"H0","AUS","9503","Australia","FRA","France",2024,"Import",5,632.602
"H0","AUS","9503","Australia","FRA","France",2025,"Import",5,595.47
"H0","AUS","9503","Australia","FRE","Free Zones",1995,"Import",5,1.942
"H0","AUS","9503","Australia","FRE","Free Zones",1996,"Import",5,20.224
"H0","AUS","9503","Australia","FRE","Free Zones",1997,"Import",5,44.856
"H0","AUS","9503","Australia","FRE","Free Zones",1998,"Import",5,98.396
"H0","AUS","9503","Australia","GBR","United Kingdom",1995,"Import",5,4593.697
"H0","AUS","9503","Australia","GBR","United Kingdom",1996,"Import",5,5300.489
"H0","AUS","9503","Australia","GBR","United Kingdom",1997,"Import",5,5398.983
"H0","AUS","9503","Australia","GBR","United Kingdom",1998,"Import",5,4715.568
"H0","AUS","9503","Australia","GBR","United Kingdom",1999,"Import",5,4655.281
"H0","AUS","9503","Australia","GBR","United Kingdom",2000,"Import",5,4775.135
"H0","AUS","9503","Australia","GBR","United Kingdom",2001,"Import",5,5081.651
"H0","AUS","9503","Australia","GBR","United Kingdom",2002,"Import",5,5554.658
"H0","AUS","9503","Australia","GBR","United Kingdom",2003,"Import",5,4757.91
"H0","AUS","9503","Australia","GBR","United Kingdom",2004,"Import",5,5177.024
"H0","AUS","9503","Australia","GBR","United Kingdom",2005,"Import",5,3874.43
"H0","AUS","9503","Australia","GBR","United Kingdom",2006,"Import",5,3906.425
"H0","AUS","9503","Australia","GBR","United Kingdom",2007,"Import",5,6470.324
"H0","AUS","9503","Australia","GBR","United Kingdom",2008,"Import",5,4804.349
"H0","AUS","9503","Australia","GBR","United Kingdom",2009,"Import",5,4952.775
"H0","AUS","9503","Australia","GBR","United Kingdom",2010,"Import",5,5880.195
"H0","AUS","9503","Australia","GBR","United Kingdom",2011,"Import",5,6798.169
"H0","AUS","9503","Australia","GBR","United Kingdom",2012,"Import",5,6198.219
"H0","AUS","9503","Australia","GBR","United Kingdom",2013,"Import",5,5683.664
"H0","AUS","9503","Australia","GBR","United Kingdom",2014,"Import",5,5417.886
"H0","AUS","9503","Australia","GBR","United Kingdom",2015,"Import",5,5934.221
"H0","AUS","9503","Australia","GBR","United Kingdom",2016,"Import",5,4666.81
"H0","AUS","9503","Australia","GBR","United Kingdom",2017,"Import",5,4883.528
"H0","AUS","9503","Australia","GBR","United Kingdom",2018,"Import",5,5193.81
"H0","AUS","9503","Australia","GBR","United Kingdom",2019,"Import",5,5045.311
"H0","AUS","9503","Australia","GBR","United Kingdom",2020,"Import",5,4981.008
"H0","AUS","9503","Australia","GBR","United Kingdom",2021,"Import",5,6356.084
"H0","AUS","9503","Australia","GBR","United Kingdom",2022,"Import",5,5039.201
"H0","AUS","9503","Australia","GBR","United Kingdom",2023,"Import",5,4331.277
"H0","AUS","9503","Australia","GBR","United Kingdom",2024,"Import",5,5490.897
"H0","AUS","9503","Australia","GBR","United Kingdom",2025,"Import",5,6004.35
"H0","AUS","9503","Australia","GEO","Georgia",2006,"Import",5,6.81
"H0","AUS","9503","Australia","GEO","Georgia",2008,"Import",5,37.805
"H0","AUS","9503","Australia","GEO","Georgia",2010,"Import",5,2.731
"H0","AUS","9503","Australia","GEO","Georgia",2018,"Import",5,2.066
"H0","AUS","9503","Australia","GEO","Georgia",2021,"Import",5,12.5
"H0","AUS","9503","Australia","GEO","Georgia",2023,"Import",5,19.825
"H0","AUS","9503","Australia","GHA","Ghana",2000,"Import",5,0.234
"H0","AUS","9503","Australia","GHA","Ghana",2002,"Import",5,0.261
"H0","AUS","9503","Australia","GIN","Guinea",2007,"Import",5,21.325
"H0","AUS","9503","Australia","GIN","Guinea",2008,"Import",5,0.991
"H0","AUS","9503","Australia","GIN","Guinea",2019,"Import",5,0.801
"H0","AUS","9503","Australia","GMB","Gambia, The",2008,"Import",5,6.841
"H0","AUS","9503","Australia","GMB","Gambia, The",2009,"Import",5,7.294
"H0","AUS","9503","Australia","GRC","Greece",1995,"Import",5,24.74
"H0","AUS","9503","Australia","GRC","Greece",1996,"Import",5,13.786
"H0","AUS","9503","Australia","GRC","Greece",1997,"Import",5,14.222
"H0","AUS","9503","Australia","GRC","Greece",1998,"Import",5,11.266
"H0","AUS","9503","Australia","GRC","Greece",1999,"Import",5,11.382
"H0","AUS","9503","Australia","GRC","Greece",2000,"Import",5,4.703
"H0","AUS","9503","Australia","GRC","Greece",2001,"Import",5,1.848
"H0","AUS","9503","Australia","GRC","Greece",2002,"Import",5,7.234
"H0","AUS","9503","Australia","GRC","Greece",2003,"Import",5,8.641
"H0","AUS","9503","Australia","GRC","Greece",2004,"Import",5,2.335
"H0","AUS","9503","Australia","GRC","Greece",2006,"Import",5,2.152
"H0","AUS","9503","Australia","GRC","Greece",2007,"Import",5,44.278
"H0","AUS","9503","Australia","GRC","Greece",2008,"Import",5,6.958
"H0","AUS","9503","Australia","GRC","Greece",2011,"Import",5,28.8
"H0","AUS","9503","Australia","GRC","Greece",2012,"Import",5,21.693
"H0","AUS","9503","Australia","GRC","Greece",2013,"Import",5,5.564
"H0","AUS","9503","Australia","GRC","Greece",2014,"Import",5,92.556
"H0","AUS","9503","Australia","GRC","Greece",2015,"Import",5,14.66
"H0","AUS","9503","Australia","GRC","Greece",2016,"Import",5,66.558
"H0","AUS","9503","Australia","GRC","Greece",2017,"Import",5,1.207
"H0","AUS","9503","Australia","GRC","Greece",2018,"Import",5,3.84
"H0","AUS","9503","Australia","GRC","Greece",2019,"Import",5,8.026
"H0","AUS","9503","Australia","GRC","Greece",2020,"Import",5,127.192
"H0","AUS","9503","Australia","GRC","Greece",2021,"Import",5,59.111
"H0","AUS","9503","Australia","GRC","Greece",2022,"Import",5,22.091
"H0","AUS","9503","Australia","GRC","Greece",2023,"Import",5,16.092
"H0","AUS","9503","Australia","GRC","Greece",2024,"Import",5,36.034
"H0","AUS","9503","Australia","GRC","Greece",2025,"Import",5,49.321
"H0","AUS","9503","Australia","GTM","Guatemala",1995,"Import",5,3.526
"H0","AUS","9503","Australia","GTM","Guatemala",1996,"Import",5,2.725
"H0","AUS","9503","Australia","GTM","Guatemala",1997,"Import",5,10.392
"H0","AUS","9503","Australia","GTM","Guatemala",1998,"Import",5,8.157
"H0","AUS","9503","Australia","GTM","Guatemala",1999,"Import",5,5.915
"H0","AUS","9503","Australia","GTM","Guatemala",2000,"Import",5,39.247
"H0","AUS","9503","Australia","GTM","Guatemala",2001,"Import",5,23.941
"H0","AUS","9503","Australia","GTM","Guatemala",2002,"Import",5,42.59
"H0","AUS","9503","Australia","GTM","Guatemala",2003,"Import",5,22.612
"H0","AUS","9503","Australia","GTM","Guatemala",2004,"Import",5,21.605
"H0","AUS","9503","Australia","GTM","Guatemala",2005,"Import",5,26.964
"H0","AUS","9503","Australia","GTM","Guatemala",2006,"Import",5,4.282
"H0","AUS","9503","Australia","GTM","Guatemala",2007,"Import",5,41.111
"H0","AUS","9503","Australia","GTM","Guatemala",2008,"Import",5,27.693
"H0","AUS","9503","Australia","GTM","Guatemala",2009,"Import",5,54.229
"H0","AUS","9503","Australia","GTM","Guatemala",2010,"Import",5,65.089
"H0","AUS","9503","Australia","GTM","Guatemala",2011,"Import",5,36.648
"H0","AUS","9503","Australia","GTM","Guatemala",2012,"Import",5,27.864
"H0","AUS","9503","Australia","GTM","Guatemala",2013,"Import",5,39.418
"H0","AUS","9503","Australia","GTM","Guatemala",2014,"Import",5,34.593
"H0","AUS","9503","Australia","GTM","Guatemala",2015,"Import",5,12.671
"H0","AUS","9503","Australia","GTM","Guatemala",2016,"Import",5,31.973
"H0","AUS","9503","Australia","GTM","Guatemala",2017,"Import",5,13.547
"H0","AUS","9503","Australia","GTM","Guatemala",2018,"Import",5,32.024
"H0","AUS","9503","Australia","GTM","Guatemala",2019,"Import",5,8.289
"H0","AUS","9503","Australia","GTM","Guatemala",2020,"Import",5,33.363
"H0","AUS","9503","Australia","GTM","Guatemala",2021,"Import",5,56.648
"H0","AUS","9503","Australia","GTM","Guatemala",2022,"Import",5,54.821
"H0","AUS","9503","Australia","GTM","Guatemala",2023,"Import",5,29.771
"H0","AUS","9503","Australia","GTM","Guatemala",2024,"Import",5,7.806
"H0","AUS","9503","Australia","GTM","Guatemala",2025,"Import",5,3.655
"H0","AUS","9503","Australia","GUM","Guam",2003,"Import",5,5.334
"H0","AUS","9503","Australia","HKG","Hong Kong, China",1995,"Import",5,4490.981
"H0","AUS","9503","Australia","HKG","Hong Kong, China",1996,"Import",5,6115.875
"H0","AUS","9503","Australia","HKG","Hong Kong, China",1997,"Import",5,10113.696
"H0","AUS","9503","Australia","HKG","Hong Kong, China",1998,"Import",5,8095.44
"H0","AUS","9503","Australia","HKG","Hong Kong, China",1999,"Import",5,13094.596
"H0","AUS","9503","Australia","HKG","Hong Kong, China",2000,"Import",5,12741.398
"H0","AUS","9503","Australia","HKG","Hong Kong, China",2001,"Import",5,10837.141
"H0","AUS","9503","Australia","HKG","Hong Kong, China",2002,"Import",5,12621.194
"H0","AUS","9503","Australia","HKG","Hong Kong, China",2003,"Import",5,14810.804
"H0","AUS","9503","Australia","HKG","Hong Kong, China",2004,"Import",5,19325.434
"H0","AUS","9503","Australia","HKG","Hong Kong, China",2005,"Import",5,17315.357
"H0","AUS","9503","Australia","HKG","Hong Kong, China",2006,"Import",5,20132.464
"H0","AUS","9503","Australia","HKG","Hong Kong, China",2007,"Import",5,25488.842
"H0","AUS","9503","Australia","HKG","Hong Kong, China",2008,"Import",5,27353.086
"H0","AUS","9503","Australia","HKG","Hong Kong, China",2009,"Import",5,18418.596
"H0","AUS","9503","Australia","HKG","Hong Kong, China",2010,"Import",5,22185.725
"H0","AUS","9503","Australia","HKG","Hong Kong, China",2011,"Import",5,17392.996
"H0","AUS","9503","Australia","HKG","Hong Kong, China",2012,"Import",5,20411.679
"H0","AUS","9503","Australia","HKG","Hong Kong, China",2013,"Import",5,14146.595
"H0","AUS","9503","Australia","HKG","Hong Kong, China",2014,"Import",5,15315.891
"H0","AUS","9503","Australia","HKG","Hong Kong, China",2015,"Import",5,17823.363
"H0","AUS","9503","Australia","HKG","Hong Kong, China",2016,"Import",5,10310.963
"H0","AUS","9503","Australia","HKG","Hong Kong, China",2017,"Import",5,11880.207
"H0","AUS","9503","Australia","HKG","Hong Kong, China",2018,"Import",5,6245.027
"H0","AUS","9503","Australia","HKG","Hong Kong, China",2019,"Import",5,5336.672
"H0","AUS","9503","Australia","HKG","Hong Kong, China",2020,"Import",5,4084.335
"H0","AUS","9503","Australia","HKG","Hong Kong, China",2021,"Import",5,5939.216
"H0","AUS","9503","Australia","HKG","Hong Kong, China",2022,"Import",5,5686.052
"H0","AUS","9503","Australia","HKG","Hong Kong, China",2023,"Import",5,4769.506
"H0","AUS","9503","Australia","HKG","Hong Kong, China",2024,"Import",5,4039.752
"H0","AUS","9503","Australia","HKG","Hong Kong, China",2025,"Import",5,2649.882
"H0","AUS","9503","Australia","HND","Honduras",2012,"Import",5,1.51
"H0","AUS","9503","Australia","HND","Honduras",2014,"Import",5,97.187
"H0","AUS","9503","Australia","HND","Honduras",2015,"Import",5,63.775
"H0","AUS","9503","Australia","HND","Honduras",2016,"Import",5,71.573
"H0","AUS","9503","Australia","HND","Honduras",2017,"Import",5,44.33
"H0","AUS","9503","Australia","HND","Honduras",2018,"Import",5,66.49
"H0","AUS","9503","Australia","HND","Honduras",2019,"Import",5,24.188
"H0","AUS","9503","Australia","HND","Honduras",2020,"Import",5,25.708
"H0","AUS","9503","Australia","HND","Honduras",2021,"Import",5,46
"H0","AUS","9503","Australia","HND","Honduras",2023,"Import",5,27.611
"H0","AUS","9503","Australia","HRV","Croatia",1997,"Import",5,1.764
"H0","AUS","9503","Australia","HRV","Croatia",2001,"Import",5,2.731
"H0","AUS","9503","Australia","HRV","Croatia",2005,"Import",5,3.375
"H0","AUS","9503","Australia","HRV","Croatia",2014,"Import",5,1.251
"H0","AUS","9503","Australia","HRV","Croatia",2018,"Import",5,49.557
"H0","AUS","9503","Australia","HRV","Croatia",2019,"Import",5,7.817
"H0","AUS","9503","Australia","HRV","Croatia",2020,"Import",5,25.294
"H0","AUS","9503","Australia","HRV","Croatia",2021,"Import",5,49.677
"H0","AUS","9503","Australia","HRV","Croatia",2022,"Import",5,14.748
"H0","AUS","9503","Australia","HRV","Croatia",2023,"Import",5,8.811
"H0","AUS","9503","Australia","HRV","Croatia",2024,"Import",5,120.627
"H0","AUS","9503","Australia","HRV","Croatia",2025,"Import",5,8.841
"H0","AUS","9503","Australia","HTI","Haiti",2012,"Import",5,18.693
"H0","AUS","9503","Australia","HTI","Haiti",2013,"Import",5,28.927
"H0","AUS","9503","Australia","HTI","Haiti",2015,"Import",5,1.189
"H0","AUS","9503","Australia","HUN","Hungary",1995,"Import",5,2.824
"H0","AUS","9503","Australia","HUN","Hungary",1996,"Import",5,3.372
"H0","AUS","9503","Australia","HUN","Hungary",1997,"Import",5,451.484
"H0","AUS","9503","Australia","HUN","Hungary",1998,"Import",5,2.951
"H0","AUS","9503","Australia","HUN","Hungary",1999,"Import",5,10.197
"H0","AUS","9503","Australia","HUN","Hungary",2000,"Import",5,0.503
"H0","AUS","9503","Australia","HUN","Hungary",2001,"Import",5,0.569
"H0","AUS","9503","Australia","HUN","Hungary",2002,"Import",5,27.401
"H0","AUS","9503","Australia","HUN","Hungary",2003,"Import",5,13.734
"H0","AUS","9503","Australia","HUN","Hungary",2004,"Import",5,12.781
"H0","AUS","9503","Australia","HUN","Hungary",2005,"Import",5,54.839
"H0","AUS","9503","Australia","HUN","Hungary",2006,"Import",5,791.615
"H0","AUS","9503","Australia","HUN","Hungary",2007,"Import",5,1444.889
"H0","AUS","9503","Australia","HUN","Hungary",2008,"Import",5,592.92
"H0","AUS","9503","Australia","HUN","Hungary",2009,"Import",5,1225.776
"H0","AUS","9503","Australia","HUN","Hungary",2010,"Import",5,2399.735
"H0","AUS","9503","Australia","HUN","Hungary",2011,"Import",5,2433.997
"H0","AUS","9503","Australia","HUN","Hungary",2012,"Import",5,2251.889
"H0","AUS","9503","Australia","HUN","Hungary",2013,"Import",5,3427.756
"H0","AUS","9503","Australia","HUN","Hungary",2014,"Import",5,5084.922
"H0","AUS","9503","Australia","HUN","Hungary",2015,"Import",5,8953.943
"H0","AUS","9503","Australia","HUN","Hungary",2016,"Import",5,7458.156
"H0","AUS","9503","Australia","HUN","Hungary",2017,"Import",5,9562.698
"H0","AUS","9503","Australia","HUN","Hungary",2018,"Import",5,4413.155
"H0","AUS","9503","Australia","HUN","Hungary",2019,"Import",5,5579.72
"H0","AUS","9503","Australia","HUN","Hungary",2020,"Import",5,4479.988
"H0","AUS","9503","Australia","HUN","Hungary",2021,"Import",5,4514.654
"H0","AUS","9503","Australia","HUN","Hungary",2022,"Import",5,7566.503
"H0","AUS","9503","Australia","HUN","Hungary",2023,"Import",5,6780.633
"H0","AUS","9503","Australia","HUN","Hungary",2024,"Import",5,5390.4
"H0","AUS","9503","Australia","HUN","Hungary",2025,"Import",5,3045.554
"H0","AUS","9503","Australia","IDN","Indonesia",1995,"Import",5,1724.356
"H0","AUS","9503","Australia","IDN","Indonesia",1996,"Import",5,1805.387
"H0","AUS","9503","Australia","IDN","Indonesia",1997,"Import",5,1564.846
"H0","AUS","9503","Australia","IDN","Indonesia",1998,"Import",5,1386.712
"H0","AUS","9503","Australia","IDN","Indonesia",1999,"Import",5,1284.163
"H0","AUS","9503","Australia","IDN","Indonesia",2000,"Import",5,1763.425
"H0","AUS","9503","Australia","IDN","Indonesia",2001,"Import",5,1208.372
"H0","AUS","9503","Australia","IDN","Indonesia",2002,"Import",5,975.64
"H0","AUS","9503","Australia","IDN","Indonesia",2003,"Import",5,1463.703
"H0","AUS","9503","Australia","IDN","Indonesia",2004,"Import",5,840.352
"H0","AUS","9503","Australia","IDN","Indonesia",2005,"Import",5,1157.302
"H0","AUS","9503","Australia","IDN","Indonesia",2006,"Import",5,803.243
"H0","AUS","9503","Australia","IDN","Indonesia",2007,"Import",5,5798.155
"H0","AUS","9503","Australia","IDN","Indonesia",2008,"Import",5,6133.608
"H0","AUS","9503","Australia","IDN","Indonesia",2009,"Import",5,8391.639
"H0","AUS","9503","Australia","IDN","Indonesia",2010,"Import",5,10309.532
"H0","AUS","9503","Australia","IDN","Indonesia",2011,"Import",5,10865.644
"H0","AUS","9503","Australia","IDN","Indonesia",2012,"Import",5,15918.795
"H0","AUS","9503","Australia","IDN","Indonesia",2013,"Import",5,14579.15
"H0","AUS","9503","Australia","IDN","Indonesia",2014,"Import",5,14640.918
"H0","AUS","9503","Australia","IDN","Indonesia",2015,"Import",5,13281.728
"H0","AUS","9503","Australia","IDN","Indonesia",2016,"Import",5,13992.111
"H0","AUS","9503","Australia","IDN","Indonesia",2017,"Import",5,15776.482
"H0","AUS","9503","Australia","IDN","Indonesia",2018,"Import",5,19577.697
"H0","AUS","9503","Australia","IDN","Indonesia",2019,"Import",5,14944.898
"H0","AUS","9503","Australia","IDN","Indonesia",2020,"Import",5,16328.458
"H0","AUS","9503","Australia","IDN","Indonesia",2021,"Import",5,20963.63
"H0","AUS","9503","Australia","IDN","Indonesia",2022,"Import",5,20461.239
"H0","AUS","9503","Australia","IDN","Indonesia",2023,"Import",5,26457.149
"H0","AUS","9503","Australia","IDN","Indonesia",2024,"Import",5,24166.507
"H0","AUS","9503","Australia","IDN","Indonesia",2025,"Import",5,28099.081
"H0","AUS","9503","Australia","IND","India",1995,"Import",5,424.846
"H0","AUS","9503","Australia","IND","India",1996,"Import",5,395.736
"H0","AUS","9503","Australia","IND","India",1997,"Import",5,431.113
"H0","AUS","9503","Australia","IND","India",1998,"Import",5,355.837
"H0","AUS","9503","Australia","IND","India",1999,"Import",5,338.671
"H0","AUS","9503","Australia","IND","India",2000,"Import",5,288.344
"H0","AUS","9503","Australia","IND","India",2001,"Import",5,118.095
"H0","AUS","9503","Australia","IND","India",2002,"Import",5,351.527
"H0","AUS","9503","Australia","IND","India",2003,"Import",5,505.566
"H0","AUS","9503","Australia","IND","India",2004,"Import",5,497.232
"H0","AUS","9503","Australia","IND","India",2005,"Import",5,521.96
"H0","AUS","9503","Australia","IND","India",2006,"Import",5,1078
"H0","AUS","9503","Australia","IND","India",2007,"Import",5,1206.977
"H0","AUS","9503","Australia","IND","India",2008,"Import",5,1577.856
"H0","AUS","9503","Australia","IND","India",2009,"Import",5,1450.914
"H0","AUS","9503","Australia","IND","India",2010,"Import",5,1744.014
"H0","AUS","9503","Australia","IND","India",2011,"Import",5,994.653
"H0","AUS","9503","Australia","IND","India",2012,"Import",5,1285.854
"H0","AUS","9503","Australia","IND","India",2013,"Import",5,1104.39
"H0","AUS","9503","Australia","IND","India",2014,"Import",5,1664.932
"H0","AUS","9503","Australia","IND","India",2015,"Import",5,1766.857
"H0","AUS","9503","Australia","IND","India",2016,"Import",5,2115.768
"H0","AUS","9503","Australia","IND","India",2017,"Import",5,2131.055
"H0","AUS","9503","Australia","IND","India",2018,"Import",5,1974.783
"H0","AUS","9503","Australia","IND","India",2019,"Import",5,2297.357
"H0","AUS","9503","Australia","IND","India",2020,"Import",5,2639.026
"H0","AUS","9503","Australia","IND","India",2021,"Import",5,3794.452
"H0","AUS","9503","Australia","IND","India",2022,"Import",5,6487.486
"H0","AUS","9503","Australia","IND","India",2023,"Import",5,5903.999
"H0","AUS","9503","Australia","IND","India",2024,"Import",5,6280.664
"H0","AUS","9503","Australia","IND","India",2025,"Import",5,4638.835
"H0","AUS","9503","Australia","IRL","Ireland",1996,"Import",5,47.72
"H0","AUS","9503","Australia","IRL","Ireland",1997,"Import",5,33.427
"H0","AUS","9503","Australia","IRL","Ireland",1998,"Import",5,42.989
"H0","AUS","9503","Australia","IRL","Ireland",1999,"Import",5,141.357
"H0","AUS","9503","Australia","IRL","Ireland",2000,"Import",5,34.113
"H0","AUS","9503","Australia","IRL","Ireland",2001,"Import",5,66.611
"H0","AUS","9503","Australia","IRL","Ireland",2002,"Import",5,9.145
"H0","AUS","9503","Australia","IRL","Ireland",2003,"Import",5,24.24
"H0","AUS","9503","Australia","IRL","Ireland",2004,"Import",5,112.831
"H0","AUS","9503","Australia","IRL","Ireland",2005,"Import",5,31.184
"H0","AUS","9503","Australia","IRL","Ireland",2006,"Import",5,32.25
"H0","AUS","9503","Australia","IRL","Ireland",2007,"Import",5,31.464
"H0","AUS","9503","Australia","IRL","Ireland",2008,"Import",5,16.812
"H0","AUS","9503","Australia","IRL","Ireland",2009,"Import",5,2.081
"H0","AUS","9503","Australia","IRL","Ireland",2011,"Import",5,22.718
"H0","AUS","9503","Australia","IRL","Ireland",2012,"Import",5,3
"H0","AUS","9503","Australia","IRL","Ireland",2013,"Import",5,1.758
"H0","AUS","9503","Australia","IRL","Ireland",2014,"Import",5,2.829
"H0","AUS","9503","Australia","IRL","Ireland",2015,"Import",5,8.363
"H0","AUS","9503","Australia","IRL","Ireland",2016,"Import",5,11.518
"H0","AUS","9503","Australia","IRL","Ireland",2017,"Import",5,43.927
"H0","AUS","9503","Australia","IRL","Ireland",2018,"Import",5,96.694
"H0","AUS","9503","Australia","IRL","Ireland",2019,"Import",5,9.505
"H0","AUS","9503","Australia","IRL","Ireland",2020,"Import",5,47.765
"H0","AUS","9503","Australia","IRL","Ireland",2021,"Import",5,30.767
"H0","AUS","9503","Australia","IRL","Ireland",2022,"Import",5,15.308
"H0","AUS","9503","Australia","IRL","Ireland",2023,"Import",5,1.828
"H0","AUS","9503","Australia","IRL","Ireland",2024,"Import",5,4.64
"H0","AUS","9503","Australia","IRL","Ireland",2025,"Import",5,24.573
"H0","AUS","9503","Australia","IRN","Iran, Islamic Rep.",1995,"Import",5,4.101
"H0","AUS","9503","Australia","IRN","Iran, Islamic Rep.",1997,"Import",5,5.5
"H0","AUS","9503","Australia","IRN","Iran, Islamic Rep.",2006,"Import",5,1.419
"H0","AUS","9503","Australia","IRN","Iran, Islamic Rep.",2018,"Import",5,2.123
"H0","AUS","9503","Australia","IRN","Iran, Islamic Rep.",2019,"Import",5,1.303
"H0","AUS","9503","Australia","IRN","Iran, Islamic Rep.",2022,"Import",5,3.076
"H0","AUS","9503","Australia","IRN","Iran, Islamic Rep.",2023,"Import",5,2.825
"H0","AUS","9503","Australia","ISL","Iceland",2008,"Import",5,32.505
"H0","AUS","9503","Australia","ISL","Iceland",2010,"Import",5,13.892
"H0","AUS","9503","Australia","ISL","Iceland",2016,"Import",5,28.606
"H0","AUS","9503","Australia","ISL","Iceland",2017,"Import",5,12.316
"H0","AUS","9503","Australia","ISL","Iceland",2020,"Import",5,2.506
"H0","AUS","9503","Australia","ISR","Israel",1995,"Import",5,523.619
"H0","AUS","9503","Australia","ISR","Israel",1996,"Import",5,672.342
"H0","AUS","9503","Australia","ISR","Israel",1997,"Import",5,1137.109
"H0","AUS","9503","Australia","ISR","Israel",1998,"Import",5,1510.811
"H0","AUS","9503","Australia","ISR","Israel",1999,"Import",5,812.366
"H0","AUS","9503","Australia","ISR","Israel",2000,"Import",5,1205.636
"H0","AUS","9503","Australia","ISR","Israel",2001,"Import",5,1347.325
"H0","AUS","9503","Australia","ISR","Israel",2002,"Import",5,982.851
"H0","AUS","9503","Australia","ISR","Israel",2003,"Import",5,2350.908
"H0","AUS","9503","Australia","ISR","Israel",2004,"Import",5,2267.25
"H0","AUS","9503","Australia","ISR","Israel",2005,"Import",5,2218.522
"H0","AUS","9503","Australia","ISR","Israel",2006,"Import",5,2928.21
"H0","AUS","9503","Australia","ISR","Israel",2007,"Import",5,2101.986
"H0","AUS","9503","Australia","ISR","Israel",2008,"Import",5,2384.296
"H0","AUS","9503","Australia","ISR","Israel",2009,"Import",5,1903.971
"H0","AUS","9503","Australia","ISR","Israel",2010,"Import",5,2170.807
"H0","AUS","9503","Australia","ISR","Israel",2011,"Import",5,1591.798
"H0","AUS","9503","Australia","ISR","Israel",2012,"Import",5,2463.705
"H0","AUS","9503","Australia","ISR","Israel",2013,"Import",5,1483.26
"H0","AUS","9503","Australia","ISR","Israel",2014,"Import",5,972.432
"H0","AUS","9503","Australia","ISR","Israel",2015,"Import",5,1124.176
"H0","AUS","9503","Australia","ISR","Israel",2016,"Import",5,973.195
"H0","AUS","9503","Australia","ISR","Israel",2017,"Import",5,946.738
"H0","AUS","9503","Australia","ISR","Israel",2018,"Import",5,925.838
"H0","AUS","9503","Australia","ISR","Israel",2019,"Import",5,1147.14
"H0","AUS","9503","Australia","ISR","Israel",2020,"Import",5,1051.98
"H0","AUS","9503","Australia","ISR","Israel",2021,"Import",5,550.351
"H0","AUS","9503","Australia","ISR","Israel",2022,"Import",5,280.608
"H0","AUS","9503","Australia","ISR","Israel",2023,"Import",5,33.439
"H0","AUS","9503","Australia","ISR","Israel",2024,"Import",5,82.967
"H0","AUS","9503","Australia","ISR","Israel",2025,"Import",5,80.069
"H0","AUS","9503","Australia","ITA","Italy",1995,"Import",5,3349.935
"H0","AUS","9503","Australia","ITA","Italy",1996,"Import",5,3261.551
"H0","AUS","9503","Australia","ITA","Italy",1997,"Import",5,2739.369
"H0","AUS","9503","Australia","ITA","Italy",1998,"Import",5,1894.234
"H0","AUS","9503","Australia","ITA","Italy",1999,"Import",5,1931.15
"H0","AUS","9503","Australia","ITA","Italy",2000,"Import",5,2401.729
"H0","AUS","9503","Australia","ITA","Italy",2001,"Import",5,2282.973
"H0","AUS","9503","Australia","ITA","Italy",2002,"Import",5,3987.626
"H0","AUS","9503","Australia","ITA","Italy",2003,"Import",5,2894.549
"H0","AUS","9503","Australia","ITA","Italy",2004,"Import",5,2054.974
"H0","AUS","9503","Australia","ITA","Italy",2005,"Import",5,1942.983
"H0","AUS","9503","Australia","ITA","Italy",2006,"Import",5,2167.555
"H0","AUS","9503","Australia","ITA","Italy",2007,"Import",5,2272.703
"H0","AUS","9503","Australia","ITA","Italy",2008,"Import",5,2565.081
"H0","AUS","9503","Australia","ITA","Italy",2009,"Import",5,1924.242
"H0","AUS","9503","Australia","ITA","Italy",2010,"Import",5,1720.806
"H0","AUS","9503","Australia","ITA","Italy",2011,"Import",5,1804.413
"H0","AUS","9503","Australia","ITA","Italy",2012,"Import",5,1783.243
"H0","AUS","9503","Australia","ITA","Italy",2013,"Import",5,2166.721
"H0","AUS","9503","Australia","ITA","Italy",2014,"Import",5,1490.861
"H0","AUS","9503","Australia","ITA","Italy",2015,"Import",5,1276.099
"H0","AUS","9503","Australia","ITA","Italy",2016,"Import",5,1277.275
"H0","AUS","9503","Australia","ITA","Italy",2017,"Import",5,1816.489
"H0","AUS","9503","Australia","ITA","Italy",2018,"Import",5,1866.007
"H0","AUS","9503","Australia","ITA","Italy",2019,"Import",5,1861.611
"H0","AUS","9503","Australia","ITA","Italy",2020,"Import",5,2129.682
"H0","AUS","9503","Australia","ITA","Italy",2021,"Import",5,3005.874
"H0","AUS","9503","Australia","ITA","Italy",2022,"Import",5,3058.409
"H0","AUS","9503","Australia","ITA","Italy",2023,"Import",5,2932.556
"H0","AUS","9503","Australia","ITA","Italy",2024,"Import",5,2884.126
"H0","AUS","9503","Australia","ITA","Italy",2025,"Import",5,2568.957
"H0","AUS","9503","Australia","JAM","Jamaica",2003,"Import",5,0.687
"H0","AUS","9503","Australia","JAM","Jamaica",2005,"Import",5,1.206
"H0","AUS","9503","Australia","JAM","Jamaica",2007,"Import",5,2.265
"H0","AUS","9503","Australia","JOR","Jordan",2013,"Import",5,2.132
"H0","AUS","9503","Australia","JPN","Japan",1995,"Import",5,3018.072
"H0","AUS","9503","Australia","JPN","Japan",1996,"Import",5,3078.798
"H0","AUS","9503","Australia","JPN","Japan",1997,"Import",5,3300.236
"H0","AUS","9503","Australia","JPN","Japan",1998,"Import",5,3062.023
"H0","AUS","9503","Australia","JPN","Japan",1999,"Import",5,3403.804
"H0","AUS","9503","Australia","JPN","Japan",2000,"Import",5,3107.971
"H0","AUS","9503","Australia","JPN","Japan",2001,"Import",5,3121.309
"H0","AUS","9503","Australia","JPN","Japan",2002,"Import",5,3913.464
"H0","AUS","9503","Australia","JPN","Japan",2003,"Import",5,3508.818
"H0","AUS","9503","Australia","JPN","Japan",2004,"Import",5,3493.932
"H0","AUS","9503","Australia","JPN","Japan",2005,"Import",5,3609.054
"H0","AUS","9503","Australia","JPN","Japan",2006,"Import",5,3629.154
"H0","AUS","9503","Australia","JPN","Japan",2007,"Import",5,3593.526
"H0","AUS","9503","Australia","JPN","Japan",2008,"Import",5,3949.357
"H0","AUS","9503","Australia","JPN","Japan",2009,"Import",5,4561.656
"H0","AUS","9503","Australia","JPN","Japan",2010,"Import",5,3019.22
"H0","AUS","9503","Australia","JPN","Japan",2011,"Import",5,2733.954
"H0","AUS","9503","Australia","JPN","Japan",2012,"Import",5,2736.501
"H0","AUS","9503","Australia","JPN","Japan",2013,"Import",5,2680.701
"H0","AUS","9503","Australia","JPN","Japan",2014,"Import",5,3166.294
"H0","AUS","9503","Australia","JPN","Japan",2015,"Import",5,2676.714
"H0","AUS","9503","Australia","JPN","Japan",2016,"Import",5,2477.097
"H0","AUS","9503","Australia","JPN","Japan",2017,"Import",5,2344.25
"H0","AUS","9503","Australia","JPN","Japan",2018,"Import",5,3565.365
"H0","AUS","9503","Australia","JPN","Japan",2019,"Import",5,3283.772
"H0","AUS","9503","Australia","JPN","Japan",2020,"Import",5,4515.22
"H0","AUS","9503","Australia","JPN","Japan",2021,"Import",5,5711.973
"H0","AUS","9503","Australia","JPN","Japan",2022,"Import",5,5980.506
"H0","AUS","9503","Australia","JPN","Japan",2023,"Import",5,5637.466
"H0","AUS","9503","Australia","JPN","Japan",2024,"Import",5,5837.5
"H0","AUS","9503","Australia","JPN","Japan",2025,"Import",5,6772.901
"H0","AUS","9503","Australia","KAZ","Kazakhstan",2023,"Import",5,1.918
"H0","AUS","9503","Australia","KEN","Kenya",1995,"Import",5,0.779
"H0","AUS","9503","Australia","KEN","Kenya",1996,"Import",5,1.194
"H0","AUS","9503","Australia","KEN","Kenya",1998,"Import",5,1.133
"H0","AUS","9503","Australia","KEN","Kenya",1999,"Import",5,2.511
"H0","AUS","9503","Australia","KEN","Kenya",2002,"Import",5,0.191
"H0","AUS","9503","Australia","KEN","Kenya",2007,"Import",5,6.506
"H0","AUS","9503","Australia","KEN","Kenya",2008,"Import",5,17.007
"H0","AUS","9503","Australia","KEN","Kenya",2009,"Import",5,9.388
"H0","AUS","9503","Australia","KEN","Kenya",2011,"Import",5,3.016
"H0","AUS","9503","Australia","KEN","Kenya",2012,"Import",5,6.331
"H0","AUS","9503","Australia","KEN","Kenya",2013,"Import",5,15.5
"H0","AUS","9503","Australia","KEN","Kenya",2014,"Import",5,14.234
"H0","AUS","9503","Australia","KEN","Kenya",2015,"Import",5,34.715
"H0","AUS","9503","Australia","KEN","Kenya",2016,"Import",5,50.524
"H0","AUS","9503","Australia","KEN","Kenya",2017,"Import",5,49.967
"H0","AUS","9503","Australia","KEN","Kenya",2018,"Import",5,54.762
"H0","AUS","9503","Australia","KEN","Kenya",2019,"Import",5,43.634
"H0","AUS","9503","Australia","KEN","Kenya",2020,"Import",5,48.199
"H0","AUS","9503","Australia","KEN","Kenya",2021,"Import",5,67.828
"H0","AUS","9503","Australia","KEN","Kenya",2022,"Import",5,43.027
"H0","AUS","9503","Australia","KEN","Kenya",2023,"Import",5,27.85
"H0","AUS","9503","Australia","KEN","Kenya",2024,"Import",5,25.697
"H0","AUS","9503","Australia","KEN","Kenya",2025,"Import",5,29.311
"H0","AUS","9503","Australia","KGZ","Kyrgyz Republic",2000,"Import",5,1.924
"H0","AUS","9503","Australia","KGZ","Kyrgyz Republic",2001,"Import",5,4.299
"H0","AUS","9503","Australia","KGZ","Kyrgyz Republic",2002,"Import",5,1.511
"H0","AUS","9503","Australia","KGZ","Kyrgyz Republic",2003,"Import",5,11.943
"H0","AUS","9503","Australia","KGZ","Kyrgyz Republic",2004,"Import",5,13.795
"H0","AUS","9503","Australia","KGZ","Kyrgyz Republic",2005,"Import",5,3.844
"H0","AUS","9503","Australia","KGZ","Kyrgyz Republic",2006,"Import",5,3.424
"H0","AUS","9503","Australia","KGZ","Kyrgyz Republic",2007,"Import",5,1.774
"H0","AUS","9503","Australia","KGZ","Kyrgyz Republic",2008,"Import",5,4.872
"H0","AUS","9503","Australia","KGZ","Kyrgyz Republic",2009,"Import",5,0.923
"H0","AUS","9503","Australia","KHM","Cambodia",1996,"Import",5,0.522
"H0","AUS","9503","Australia","KHM","Cambodia",1997,"Import",5,1.836
"H0","AUS","9503","Australia","KHM","Cambodia",1998,"Import",5,0.963
"H0","AUS","9503","Australia","KHM","Cambodia",1999,"Import",5,1.596
"H0","AUS","9503","Australia","KHM","Cambodia",2004,"Import",5,2.816
"H0","AUS","9503","Australia","KHM","Cambodia",2005,"Import",5,0.375
"H0","AUS","9503","Australia","KHM","Cambodia",2007,"Import",5,0.954
"H0","AUS","9503","Australia","KHM","Cambodia",2009,"Import",5,1.153
"H0","AUS","9503","Australia","KHM","Cambodia",2012,"Import",5,1.936
"H0","AUS","9503","Australia","KHM","Cambodia",2014,"Import",5,2.451
"H0","AUS","9503","Australia","KHM","Cambodia",2015,"Import",5,2.949
"H0","AUS","9503","Australia","KHM","Cambodia",2016,"Import",5,7.571
"H0","AUS","9503","Australia","KHM","Cambodia",2017,"Import",5,111.936
"H0","AUS","9503","Australia","KHM","Cambodia",2018,"Import",5,155.729
"H0","AUS","9503","Australia","KHM","Cambodia",2019,"Import",5,127.653
"H0","AUS","9503","Australia","KHM","Cambodia",2020,"Import",5,68.932
"H0","AUS","9503","Australia","KHM","Cambodia",2021,"Import",5,134.283
"H0","AUS","9503","Australia","KHM","Cambodia",2022,"Import",5,298.508
"H0","AUS","9503","Australia","KHM","Cambodia",2023,"Import",5,354.46
"H0","AUS","9503","Australia","KHM","Cambodia",2024,"Import",5,1429.291
"H0","AUS","9503","Australia","KHM","Cambodia",2025,"Import",5,1676.206
"H0","AUS","9503","Australia","KOR","Korea, Rep.",1995,"Import",5,2126.193
"H0","AUS","9503","Australia","KOR","Korea, Rep.",1996,"Import",5,1945.762
"H0","AUS","9503","Australia","KOR","Korea, Rep.",1997,"Import",5,1096.798
"H0","AUS","9503","Australia","KOR","Korea, Rep.",1998,"Import",5,941.239
"H0","AUS","9503","Australia","KOR","Korea, Rep.",1999,"Import",5,1529.944
"H0","AUS","9503","Australia","KOR","Korea, Rep.",2000,"Import",5,2921.534
"H0","AUS","9503","Australia","KOR","Korea, Rep.",2001,"Import",5,2683.073
"H0","AUS","9503","Australia","KOR","Korea, Rep.",2002,"Import",5,5921.601
"H0","AUS","9503","Australia","KOR","Korea, Rep.",2003,"Import",5,5447.154
"H0","AUS","9503","Australia","KOR","Korea, Rep.",2004,"Import",5,2753.295
"H0","AUS","9503","Australia","KOR","Korea, Rep.",2005,"Import",5,1629.57
"H0","AUS","9503","Australia","KOR","Korea, Rep.",2006,"Import",5,1411.811
"H0","AUS","9503","Australia","KOR","Korea, Rep.",2007,"Import",5,1644.807
"H0","AUS","9503","Australia","KOR","Korea, Rep.",2008,"Import",5,1671.879
"H0","AUS","9503","Australia","KOR","Korea, Rep.",2009,"Import",5,1468.518
"H0","AUS","9503","Australia","KOR","Korea, Rep.",2010,"Import",5,1570.371
"H0","AUS","9503","Australia","KOR","Korea, Rep.",2011,"Import",5,1530.574
"H0","AUS","9503","Australia","KOR","Korea, Rep.",2012,"Import",5,1387.194
"H0","AUS","9503","Australia","KOR","Korea, Rep.",2013,"Import",5,967.787
"H0","AUS","9503","Australia","KOR","Korea, Rep.",2014,"Import",5,1280.891
"H0","AUS","9503","Australia","KOR","Korea, Rep.",2015,"Import",5,1525.208
"H0","AUS","9503","Australia","KOR","Korea, Rep.",2016,"Import",5,1398.238
"H0","AUS","9503","Australia","KOR","Korea, Rep.",2017,"Import",5,1321.153
"H0","AUS","9503","Australia","KOR","Korea, Rep.",2018,"Import",5,942.44
"H0","AUS","9503","Australia","KOR","Korea, Rep.",2019,"Import",5,741.307
"H0","AUS","9503","Australia","KOR","Korea, Rep.",2020,"Import",5,644.238
"H0","AUS","9503","Australia","KOR","Korea, Rep.",2021,"Import",5,1062.848
"H0","AUS","9503","Australia","KOR","Korea, Rep.",2022,"Import",5,524.171
"H0","AUS","9503","Australia","KOR","Korea, Rep.",2023,"Import",5,721.588
"H0","AUS","9503","Australia","KOR","Korea, Rep.",2024,"Import",5,518.256
"H0","AUS","9503","Australia","KOR","Korea, Rep.",2025,"Import",5,542.321
"H0","AUS","9503","Australia","KWT","Kuwait",2001,"Import",5,0.246
"H0","AUS","9503","Australia","KWT","Kuwait",2004,"Import",5,0.35
"H0","AUS","9503","Australia","LAO","Lao PDR",1997,"Import",5,7.912
"H0","AUS","9503","Australia","LAO","Lao PDR",1999,"Import",5,2.711
"H0","AUS","9503","Australia","LAO","Lao PDR",2000,"Import",5,5.215
"H0","AUS","9503","Australia","LAO","Lao PDR",2002,"Import",5,2.006
"H0","AUS","9503","Australia","LAO","Lao PDR",2004,"Import",5,0.733
"H0","AUS","9503","Australia","LAO","Lao PDR",2017,"Import",5,3.288
"H0","AUS","9503","Australia","LAO","Lao PDR",2024,"Import",5,20.233
"H0","AUS","9503","Australia","LAO","Lao PDR",2025,"Import",5,419.675
"H0","AUS","9503","Australia","LBN","Lebanon",2001,"Import",5,1.201
"H0","AUS","9503","Australia","LBN","Lebanon",2003,"Import",5,0.334
"H0","AUS","9503","Australia","LBN","Lebanon",2004,"Import",5,0.821
"H0","AUS","9503","Australia","LBN","Lebanon",2005,"Import",5,1.8
"H0","AUS","9503","Australia","LBN","Lebanon",2006,"Import",5,1.399
"H0","AUS","9503","Australia","LBN","Lebanon",2015,"Import",5,0.918
"H0","AUS","9503","Australia","LBN","Lebanon",2020,"Import",5,3.706
"H0","AUS","9503","Australia","LKA","Sri Lanka",1995,"Import",5,369.869
"H0","AUS","9503","Australia","LKA","Sri Lanka",1996,"Import",5,393.326
"H0","AUS","9503","Australia","LKA","Sri Lanka",1997,"Import",5,503.598
"H0","AUS","9503","Australia","LKA","Sri Lanka",1998,"Import",5,206.149
"H0","AUS","9503","Australia","LKA","Sri Lanka",1999,"Import",5,333.324
"H0","AUS","9503","Australia","LKA","Sri Lanka",2000,"Import",5,408.594
"H0","AUS","9503","Australia","LKA","Sri Lanka",2001,"Import",5,311.452
"H0","AUS","9503","Australia","LKA","Sri Lanka",2002,"Import",5,354.444
"H0","AUS","9503","Australia","LKA","Sri Lanka",2003,"Import",5,313.626
"H0","AUS","9503","Australia","LKA","Sri Lanka",2004,"Import",5,299.497
"H0","AUS","9503","Australia","LKA","Sri Lanka",2005,"Import",5,276.528
"H0","AUS","9503","Australia","LKA","Sri Lanka",2006,"Import",5,298.621
"H0","AUS","9503","Australia","LKA","Sri Lanka",2007,"Import",5,529.354
"H0","AUS","9503","Australia","LKA","Sri Lanka",2008,"Import",5,553.707
"H0","AUS","9503","Australia","LKA","Sri Lanka",2009,"Import",5,511.959
"H0","AUS","9503","Australia","LKA","Sri Lanka",2010,"Import",5,405.37
"H0","AUS","9503","Australia","LKA","Sri Lanka",2011,"Import",5,389.028
"H0","AUS","9503","Australia","LKA","Sri Lanka",2012,"Import",5,345.098
"H0","AUS","9503","Australia","LKA","Sri Lanka",2013,"Import",5,443.88
"H0","AUS","9503","Australia","LKA","Sri Lanka",2014,"Import",5,1167.423
"H0","AUS","9503","Australia","LKA","Sri Lanka",2015,"Import",5,523.125
"H0","AUS","9503","Australia","LKA","Sri Lanka",2016,"Import",5,718.345
"H0","AUS","9503","Australia","LKA","Sri Lanka",2017,"Import",5,621.772
"H0","AUS","9503","Australia","LKA","Sri Lanka",2018,"Import",5,616.484
"H0","AUS","9503","Australia","LKA","Sri Lanka",2019,"Import",5,711.147
"H0","AUS","9503","Australia","LKA","Sri Lanka",2020,"Import",5,511.408
"H0","AUS","9503","Australia","LKA","Sri Lanka",2021,"Import",5,899.564
"H0","AUS","9503","Australia","LKA","Sri Lanka",2022,"Import",5,749.852
"H0","AUS","9503","Australia","LKA","Sri Lanka",2023,"Import",5,532.649
"H0","AUS","9503","Australia","LKA","Sri Lanka",2024,"Import",5,422.737
"H0","AUS","9503","Australia","LKA","Sri Lanka",2025,"Import",5,599.026
"H0","AUS","9503","Australia","LTU","Lithuania",1995,"Import",5,1.214
"H0","AUS","9503","Australia","LTU","Lithuania",2003,"Import",5,0.218
"H0","AUS","9503","Australia","LTU","Lithuania",2004,"Import",5,17.423
"H0","AUS","9503","Australia","LTU","Lithuania",2005,"Import",5,20.074
"H0","AUS","9503","Australia","LTU","Lithuania",2006,"Import",5,14.016
"H0","AUS","9503","Australia","LTU","Lithuania",2007,"Import",5,4.088
"H0","AUS","9503","Australia","LTU","Lithuania",2008,"Import",5,3.879
"H0","AUS","9503","Australia","LTU","Lithuania",2012,"Import",5,1.353
"H0","AUS","9503","Australia","LTU","Lithuania",2015,"Import",5,7.601
"H0","AUS","9503","Australia","LTU","Lithuania",2016,"Import",5,72.942
"H0","AUS","9503","Australia","LTU","Lithuania",2017,"Import",5,33.954
"H0","AUS","9503","Australia","LTU","Lithuania",2018,"Import",5,33.404
"H0","AUS","9503","Australia","LTU","Lithuania",2019,"Import",5,13.568
"H0","AUS","9503","Australia","LTU","Lithuania",2020,"Import",5,4.998
"H0","AUS","9503","Australia","LTU","Lithuania",2021,"Import",5,38.378
"H0","AUS","9503","Australia","LTU","Lithuania",2022,"Import",5,3.127
"H0","AUS","9503","Australia","LTU","Lithuania",2023,"Import",5,24.987
"H0","AUS","9503","Australia","LTU","Lithuania",2024,"Import",5,105.934
"H0","AUS","9503","Australia","LTU","Lithuania",2025,"Import",5,60.343
"H0","AUS","9503","Australia","LUX","Luxembourg",2003,"Import",5,0.286
"H0","AUS","9503","Australia","LUX","Luxembourg",2008,"Import",5,1.174
"H0","AUS","9503","Australia","LUX","Luxembourg",2013,"Import",5,1.925
"H0","AUS","9503","Australia","LUX","Luxembourg",2015,"Import",5,4.304
"H0","AUS","9503","Australia","LUX","Luxembourg",2016,"Import",5,13.225
"H0","AUS","9503","Australia","LUX","Luxembourg",2017,"Import",5,66.351
"H0","AUS","9503","Australia","LUX","Luxembourg",2019,"Import",5,1.327
"H0","AUS","9503","Australia","LUX","Luxembourg",2020,"Import",5,2.297
"H0","AUS","9503","Australia","LUX","Luxembourg",2021,"Import",5,4.276
"H0","AUS","9503","Australia","LUX","Luxembourg",2023,"Import",5,6.836
"H0","AUS","9503","Australia","LUX","Luxembourg",2024,"Import",5,2.172
"H0","AUS","9503","Australia","LUX","Luxembourg",2025,"Import",5,0.753
"H0","AUS","9503","Australia","LVA","Latvia",2001,"Import",5,1.198
"H0","AUS","9503","Australia","LVA","Latvia",2002,"Import",5,1.16
"H0","AUS","9503","Australia","LVA","Latvia",2003,"Import",5,3.23
"H0","AUS","9503","Australia","LVA","Latvia",2004,"Import",5,0.488
"H0","AUS","9503","Australia","LVA","Latvia",2005,"Import",5,0.281
"H0","AUS","9503","Australia","LVA","Latvia",2006,"Import",5,8.428
"H0","AUS","9503","Australia","LVA","Latvia",2007,"Import",5,1.167
"H0","AUS","9503","Australia","LVA","Latvia",2008,"Import",5,1.164
"H0","AUS","9503","Australia","LVA","Latvia",2009,"Import",5,1.573
"H0","AUS","9503","Australia","LVA","Latvia",2010,"Import",5,6.201
"H0","AUS","9503","Australia","LVA","Latvia",2012,"Import",5,4.845
"H0","AUS","9503","Australia","LVA","Latvia",2015,"Import",5,43.207
"H0","AUS","9503","Australia","LVA","Latvia",2016,"Import",5,35.951
"H0","AUS","9503","Australia","LVA","Latvia",2017,"Import",5,12.587
"H0","AUS","9503","Australia","LVA","Latvia",2018,"Import",5,12.661
"H0","AUS","9503","Australia","LVA","Latvia",2019,"Import",5,193.445
"H0","AUS","9503","Australia","LVA","Latvia",2020,"Import",5,69.848
"H0","AUS","9503","Australia","LVA","Latvia",2021,"Import",5,34.988
"H0","AUS","9503","Australia","LVA","Latvia",2022,"Import",5,138.532
"H0","AUS","9503","Australia","LVA","Latvia",2023,"Import",5,24.503
"H0","AUS","9503","Australia","LVA","Latvia",2024,"Import",5,46.977
"H0","AUS","9503","Australia","LVA","Latvia",2025,"Import",5,152.095
"H0","AUS","9503","Australia","MAC","Macao",1995,"Import",5,357.861
"H0","AUS","9503","Australia","MAC","Macao",1996,"Import",5,153.975
"H0","AUS","9503","Australia","MAC","Macao",1997,"Import",5,168.989
"H0","AUS","9503","Australia","MAC","Macao",1998,"Import",5,38.192
"H0","AUS","9503","Australia","MAC","Macao",1999,"Import",5,28.191
"H0","AUS","9503","Australia","MAC","Macao",2000,"Import",5,1.06
"H0","AUS","9503","Australia","MAC","Macao",2001,"Import",5,2.075
"H0","AUS","9503","Australia","MAC","Macao",2002,"Import",5,1.327
"H0","AUS","9503","Australia","MAC","Macao",2003,"Import",5,137.663
"H0","AUS","9503","Australia","MAC","Macao",2004,"Import",5,348.156
"H0","AUS","9503","Australia","MAC","Macao",2005,"Import",5,157.019
"H0","AUS","9503","Australia","MAC","Macao",2006,"Import",5,153.031
"H0","AUS","9503","Australia","MAC","Macao",2007,"Import",5,185.019
"H0","AUS","9503","Australia","MAC","Macao",2008,"Import",5,60.875
"H0","AUS","9503","Australia","MAC","Macao",2009,"Import",5,23.024
"H0","AUS","9503","Australia","MAC","Macao",2010,"Import",5,44.717
"H0","AUS","9503","Australia","MAC","Macao",2011,"Import",5,30.142
"H0","AUS","9503","Australia","MAC","Macao",2013,"Import",5,3.843
"H0","AUS","9503","Australia","MAC","Macao",2014,"Import",5,4.252
"H0","AUS","9503","Australia","MAC","Macao",2015,"Import",5,17.856
"H0","AUS","9503","Australia","MAC","Macao",2016,"Import",5,77.238
"H0","AUS","9503","Australia","MAC","Macao",2018,"Import",5,0.794
"H0","AUS","9503","Australia","MAC","Macao",2021,"Import",5,1.779
"H0","AUS","9503","Australia","MAC","Macao",2022,"Import",5,13.519
"H0","AUS","9503","Australia","MAC","Macao",2023,"Import",5,2.423
"H0","AUS","9503","Australia","MAC","Macao",2025,"Import",5,3.915
"H0","AUS","9503","Australia","MAR","Morocco",2000,"Import",5,1.431
"H0","AUS","9503","Australia","MAR","Morocco",2001,"Import",5,0.284
"H0","AUS","9503","Australia","MAR","Morocco",2002,"Import",5,2.471
"H0","AUS","9503","Australia","MAR","Morocco",2007,"Import",5,1.462
"H0","AUS","9503","Australia","MAR","Morocco",2008,"Import",5,11.543
"H0","AUS","9503","Australia","MAR","Morocco",2013,"Import",5,1.103
"H0","AUS","9503","Australia","MAR","Morocco",2016,"Import",5,25.22
"H0","AUS","9503","Australia","MAR","Morocco",2017,"Import",5,37.41
"H0","AUS","9503","Australia","MAR","Morocco",2018,"Import",5,10.841
"H0","AUS","9503","Australia","MAR","Morocco",2019,"Import",5,37.004
"H0","AUS","9503","Australia","MAR","Morocco",2020,"Import",5,1.966
"H0","AUS","9503","Australia","MAR","Morocco",2021,"Import",5,88.081
"H0","AUS","9503","Australia","MAR","Morocco",2022,"Import",5,70.551
"H0","AUS","9503","Australia","MAR","Morocco",2023,"Import",5,3.515
"H0","AUS","9503","Australia","MAR","Morocco",2024,"Import",5,14.497
"H0","AUS","9503","Australia","MDA","Moldova",1998,"Import",5,1.341
"H0","AUS","9503","Australia","MDA","Moldova",2005,"Import",5,21.645
"H0","AUS","9503","Australia","MDA","Moldova",2006,"Import",5,5.093
"H0","AUS","9503","Australia","MDA","Moldova",2012,"Import",5,17.862
"H0","AUS","9503","Australia","MDA","Moldova",2013,"Import",5,31.544
"H0","AUS","9503","Australia","MDA","Moldova",2014,"Import",5,80.108
"H0","AUS","9503","Australia","MDA","Moldova",2015,"Import",5,77.923
"H0","AUS","9503","Australia","MDA","Moldova",2016,"Import",5,21.62
"H0","AUS","9503","Australia","MDA","Moldova",2017,"Import",5,0.826
"H0","AUS","9503","Australia","MDA","Moldova",2018,"Import",5,1.531
"H0","AUS","9503","Australia","MDG","Madagascar",2006,"Import",5,3.224
"H0","AUS","9503","Australia","MDG","Madagascar",2007,"Import",5,2.764
"H0","AUS","9503","Australia","MDG","Madagascar",2008,"Import",5,7.055
"H0","AUS","9503","Australia","MDG","Madagascar",2009,"Import",5,10.58
"H0","AUS","9503","Australia","MDG","Madagascar",2010,"Import",5,21.298
"H0","AUS","9503","Australia","MDG","Madagascar",2011,"Import",5,14.841
"H0","AUS","9503","Australia","MDG","Madagascar",2012,"Import",5,9.529
"H0","AUS","9503","Australia","MDG","Madagascar",2013,"Import",5,1.836
"H0","AUS","9503","Australia","MDG","Madagascar",2019,"Import",5,1.752
"H0","AUS","9503","Australia","MDG","Madagascar",2021,"Import",5,7.235
"H0","AUS","9503","Australia","MDG","Madagascar",2022,"Import",5,6.338
"H0","AUS","9503","Australia","MDG","Madagascar",2023,"Import",5,1.042
"H0","AUS","9503","Australia","MDG","Madagascar",2024,"Import",5,9.662
"H0","AUS","9503","Australia","MDG","Madagascar",2025,"Import",5,13.77
"H0","AUS","9503","Australia","MDV","Maldives",2005,"Import",5,1.465
"H0","AUS","9503","Australia","MDV","Maldives",2011,"Import",5,1.079
"H0","AUS","9503","Australia","MEX","Mexico",1995,"Import",5,3109.787
"H0","AUS","9503","Australia","MEX","Mexico",1996,"Import",5,3541
"H0","AUS","9503","Australia","MEX","Mexico",1997,"Import",5,4284.994
"H0","AUS","9503","Australia","MEX","Mexico",1998,"Import",5,4212.882
"H0","AUS","9503","Australia","MEX","Mexico",1999,"Import",5,3833.959
"H0","AUS","9503","Australia","MEX","Mexico",2000,"Import",5,4612.11
"H0","AUS","9503","Australia","MEX","Mexico",2001,"Import",5,3830.844
"H0","AUS","9503","Australia","MEX","Mexico",2002,"Import",5,2707.577
"H0","AUS","9503","Australia","MEX","Mexico",2003,"Import",5,3794.522
"H0","AUS","9503","Australia","MEX","Mexico",2004,"Import",5,3983.33
"H0","AUS","9503","Australia","MEX","Mexico",2005,"Import",5,2254.316
"H0","AUS","9503","Australia","MEX","Mexico",2006,"Import",5,1745.615
"H0","AUS","9503","Australia","MEX","Mexico",2007,"Import",5,3174.892
"H0","AUS","9503","Australia","MEX","Mexico",2008,"Import",5,2168.846
"H0","AUS","9503","Australia","MEX","Mexico",2009,"Import",5,2471.228
"H0","AUS","9503","Australia","MEX","Mexico",2010,"Import",5,3144.892
"H0","AUS","9503","Australia","MEX","Mexico",2011,"Import",5,3637.083
"H0","AUS","9503","Australia","MEX","Mexico",2012,"Import",5,8795.591
"H0","AUS","9503","Australia","MEX","Mexico",2013,"Import",5,32073.589
"H0","AUS","9503","Australia","MEX","Mexico",2014,"Import",5,20811.13
"H0","AUS","9503","Australia","MEX","Mexico",2015,"Import",5,7526.917
"H0","AUS","9503","Australia","MEX","Mexico",2016,"Import",5,3822.045
"H0","AUS","9503","Australia","MEX","Mexico",2017,"Import",5,4748.591
"H0","AUS","9503","Australia","MEX","Mexico",2018,"Import",5,5208.982
"H0","AUS","9503","Australia","MEX","Mexico",2019,"Import",5,5873.302
"H0","AUS","9503","Australia","MEX","Mexico",2020,"Import",5,2672.886
"H0","AUS","9503","Australia","MEX","Mexico",2021,"Import",5,2388.682
"H0","AUS","9503","Australia","MEX","Mexico",2022,"Import",5,1711.27
"H0","AUS","9503","Australia","MEX","Mexico",2023,"Import",5,1851.293
"H0","AUS","9503","Australia","MEX","Mexico",2024,"Import",5,4472.701
"H0","AUS","9503","Australia","MEX","Mexico",2025,"Import",5,5670.3
"H0","AUS","9503","Australia","MHL","Marshall Islands",2016,"Import",5,1.484
"H0","AUS","9503","Australia","MKD","North Macedonia",2004,"Import",5,9.165
"H0","AUS","9503","Australia","MKD","North Macedonia",2009,"Import",5,5.413
"H0","AUS","9503","Australia","MKD","North Macedonia",2015,"Import",5,0.914
"H0","AUS","9503","Australia","MKD","North Macedonia",2016,"Import",5,4.507
"H0","AUS","9503","Australia","MLI","Mali",2007,"Import",5,9.47
"H0","AUS","9503","Australia","MLT","Malta",1995,"Import",5,10.964
"H0","AUS","9503","Australia","MLT","Malta",1996,"Import",5,35.731
"H0","AUS","9503","Australia","MLT","Malta",1997,"Import",5,6.532
"H0","AUS","9503","Australia","MLT","Malta",1998,"Import",5,1.848
"H0","AUS","9503","Australia","MLT","Malta",1999,"Import",5,7.234
"H0","AUS","9503","Australia","MLT","Malta",2000,"Import",5,4.79
"H0","AUS","9503","Australia","MLT","Malta",2001,"Import",5,3.29
"H0","AUS","9503","Australia","MLT","Malta",2002,"Import",5,4.838
"H0","AUS","9503","Australia","MLT","Malta",2003,"Import",5,3.083
"H0","AUS","9503","Australia","MLT","Malta",2004,"Import",5,310.552
"H0","AUS","9503","Australia","MLT","Malta",2007,"Import",5,16.282
"H0","AUS","9503","Australia","MLT","Malta",2008,"Import",5,16.332
"H0","AUS","9503","Australia","MLT","Malta",2009,"Import",5,3.726
"H0","AUS","9503","Australia","MLT","Malta",2010,"Import",5,37.497
"H0","AUS","9503","Australia","MLT","Malta",2011,"Import",5,4.122
"H0","AUS","9503","Australia","MLT","Malta",2012,"Import",5,36.262
"H0","AUS","9503","Australia","MLT","Malta",2014,"Import",5,9.658
"H0","AUS","9503","Australia","MLT","Malta",2015,"Import",5,14.95
"H0","AUS","9503","Australia","MLT","Malta",2016,"Import",5,50.086
"H0","AUS","9503","Australia","MLT","Malta",2017,"Import",5,5.927
"H0","AUS","9503","Australia","MLT","Malta",2019,"Import",5,92.061
"H0","AUS","9503","Australia","MLT","Malta",2021,"Import",5,156.937
"H0","AUS","9503","Australia","MLT","Malta",2022,"Import",5,1.913
"H0","AUS","9503","Australia","MLT","Malta",2023,"Import",5,8.727
"H0","AUS","9503","Australia","MLT","Malta",2024,"Import",5,53.29
"H0","AUS","9503","Australia","MLT","Malta",2025,"Import",5,82.428
"H0","AUS","9503","Australia","MMR","Myanmar",1997,"Import",5,14.745
"H0","AUS","9503","Australia","MMR","Myanmar",2000,"Import",5,1.102
"H0","AUS","9503","Australia","MMR","Myanmar",2002,"Import",5,0.372
"H0","AUS","9503","Australia","MMR","Myanmar",2003,"Import",5,1.126
"H0","AUS","9503","Australia","MMR","Myanmar",2007,"Import",5,3.791
"H0","AUS","9503","Australia","MMR","Myanmar",2010,"Import",5,1.406
"H0","AUS","9503","Australia","MMR","Myanmar",2021,"Import",5,6.428
"H0","AUS","9503","Australia","MMR","Myanmar",2025,"Import",5,5.128
"H0","AUS","9503","Australia","MNG","Mongolia",2004,"Import",5,3.355
"H0","AUS","9503","Australia","MNP","Northern Mariana Islands",2021,"Import",5,18.314
"H0","AUS","9503","Australia","MUS","Mauritius",1995,"Import",5,3.675
"H0","AUS","9503","Australia","MUS","Mauritius",1996,"Import",5,1.487
"H0","AUS","9503","Australia","MUS","Mauritius",1997,"Import",5,5.757
"H0","AUS","9503","Australia","MUS","Mauritius",1998,"Import",5,3.719
"H0","AUS","9503","Australia","MUS","Mauritius",2000,"Import",5,7.354
"H0","AUS","9503","Australia","MUS","Mauritius",2001,"Import",5,3.207
"H0","AUS","9503","Australia","MUS","Mauritius",2002,"Import",5,9.668
"H0","AUS","9503","Australia","MUS","Mauritius",2003,"Import",5,1.063
"H0","AUS","9503","Australia","MUS","Mauritius",2004,"Import",5,5.093
"H0","AUS","9503","Australia","MUS","Mauritius",2005,"Import",5,0.793
"H0","AUS","9503","Australia","MUS","Mauritius",2006,"Import",5,1.478
"H0","AUS","9503","Australia","MUS","Mauritius",2007,"Import",5,9.94
"H0","AUS","9503","Australia","MUS","Mauritius",2008,"Import",5,8.389
"H0","AUS","9503","Australia","MUS","Mauritius",2009,"Import",5,1.172
"H0","AUS","9503","Australia","MUS","Mauritius",2010,"Import",5,32.653
"H0","AUS","9503","Australia","MUS","Mauritius",2011,"Import",5,1.142
"H0","AUS","9503","Australia","MUS","Mauritius",2012,"Import",5,14.77
"H0","AUS","9503","Australia","MUS","Mauritius",2013,"Import",5,21.441
"H0","AUS","9503","Australia","MUS","Mauritius",2014,"Import",5,3.214
"H0","AUS","9503","Australia","MUS","Mauritius",2015,"Import",5,1.992
"H0","AUS","9503","Australia","MUS","Mauritius",2017,"Import",5,2.965
"H0","AUS","9503","Australia","MUS","Mauritius",2019,"Import",5,2.211
"H0","AUS","9503","Australia","MUS","Mauritius",2020,"Import",5,4.138
"H0","AUS","9503","Australia","MUS","Mauritius",2021,"Import",5,1.504
"H0","AUS","9503","Australia","MUS","Mauritius",2022,"Import",5,2.414
"H0","AUS","9503","Australia","MUS","Mauritius",2023,"Import",5,6.953
"H0","AUS","9503","Australia","MUS","Mauritius",2024,"Import",5,11.162
"H0","AUS","9503","Australia","MUS","Mauritius",2025,"Import",5,5.012
"H0","AUS","9503","Australia","MYS","Malaysia",1995,"Import",5,2535.243
"H0","AUS","9503","Australia","MYS","Malaysia",1996,"Import",5,2146.397
"H0","AUS","9503","Australia","MYS","Malaysia",1997,"Import",5,2681.647
"H0","AUS","9503","Australia","MYS","Malaysia",1998,"Import",5,2266.88
"H0","AUS","9503","Australia","MYS","Malaysia",1999,"Import",5,1950.039
"H0","AUS","9503","Australia","MYS","Malaysia",2000,"Import",5,2239.046
"H0","AUS","9503","Australia","MYS","Malaysia",2001,"Import",5,1726.368
"H0","AUS","9503","Australia","MYS","Malaysia",2002,"Import",5,2092.875
"H0","AUS","9503","Australia","MYS","Malaysia",2003,"Import",5,1986.934
"H0","AUS","9503","Australia","MYS","Malaysia",2004,"Import",5,2158.768
"H0","AUS","9503","Australia","MYS","Malaysia",2005,"Import",5,2738.606
"H0","AUS","9503","Australia","MYS","Malaysia",2006,"Import",5,2704.964
"H0","AUS","9503","Australia","MYS","Malaysia",2007,"Import",5,3981.308
"H0","AUS","9503","Australia","MYS","Malaysia",2008,"Import",5,3277.081
"H0","AUS","9503","Australia","MYS","Malaysia",2009,"Import",5,2491.022
"H0","AUS","9503","Australia","MYS","Malaysia",2010,"Import",5,3760.659
"H0","AUS","9503","Australia","MYS","Malaysia",2011,"Import",5,3992.525
"H0","AUS","9503","Australia","MYS","Malaysia",2012,"Import",5,5241.221
"H0","AUS","9503","Australia","MYS","Malaysia",2013,"Import",5,3591.961
"H0","AUS","9503","Australia","MYS","Malaysia",2014,"Import",5,3760.277
"H0","AUS","9503","Australia","MYS","Malaysia",2015,"Import",5,3373.36
"H0","AUS","9503","Australia","MYS","Malaysia",2016,"Import",5,4923.019
"H0","AUS","9503","Australia","MYS","Malaysia",2017,"Import",5,5450.877
"H0","AUS","9503","Australia","MYS","Malaysia",2018,"Import",5,4783.84
"H0","AUS","9503","Australia","MYS","Malaysia",2019,"Import",5,3710.521
"H0","AUS","9503","Australia","MYS","Malaysia",2020,"Import",5,5599.886
"H0","AUS","9503","Australia","MYS","Malaysia",2021,"Import",5,4393.289
"H0","AUS","9503","Australia","MYS","Malaysia",2022,"Import",5,5253.458
"H0","AUS","9503","Australia","MYS","Malaysia",2023,"Import",5,7007.168
"H0","AUS","9503","Australia","MYS","Malaysia",2024,"Import",5,8787.304
"H0","AUS","9503","Australia","MYS","Malaysia",2025,"Import",5,7843.089
"H0","AUS","9503","Australia","NAM","Namibia",2023,"Import",5,0.837
"H0","AUS","9503","Australia","NAM","Namibia",2025,"Import",5,1.189
"H0","AUS","9503","Australia","NCL","New Caledonia",2015,"Import",5,1.557
"H0","AUS","9503","Australia","NCL","New Caledonia",2017,"Import",5,3.679
"H0","AUS","9503","Australia","NCL","New Caledonia",2024,"Import",5,0.938
"H0","AUS","9503","Australia","NER","Niger",2016,"Import",5,43.553
"H0","AUS","9503","Australia","NGA","Nigeria",2025,"Import",5,2.194
"H0","AUS","9503","Australia","NIC","Nicaragua",2016,"Import",5,2.478
"H0","AUS","9503","Australia","NLD","Netherlands",1995,"Import",5,594.06
"H0","AUS","9503","Australia","NLD","Netherlands",1996,"Import",5,673.765
"H0","AUS","9503","Australia","NLD","Netherlands",1997,"Import",5,536.233
"H0","AUS","9503","Australia","NLD","Netherlands",1998,"Import",5,566.314
"H0","AUS","9503","Australia","NLD","Netherlands",1999,"Import",5,845.871
"H0","AUS","9503","Australia","NLD","Netherlands",2000,"Import",5,540.185
"H0","AUS","9503","Australia","NLD","Netherlands",2001,"Import",5,641.219
"H0","AUS","9503","Australia","NLD","Netherlands",2002,"Import",5,827.755
"H0","AUS","9503","Australia","NLD","Netherlands",2003,"Import",5,1058.817
"H0","AUS","9503","Australia","NLD","Netherlands",2004,"Import",5,939.746
"H0","AUS","9503","Australia","NLD","Netherlands",2005,"Import",5,1010.735
"H0","AUS","9503","Australia","NLD","Netherlands",2006,"Import",5,993.411
"H0","AUS","9503","Australia","NLD","Netherlands",2007,"Import",5,886.241
"H0","AUS","9503","Australia","NLD","Netherlands",2008,"Import",5,1114.034
"H0","AUS","9503","Australia","NLD","Netherlands",2009,"Import",5,929.369
"H0","AUS","9503","Australia","NLD","Netherlands",2010,"Import",5,847.957
"H0","AUS","9503","Australia","NLD","Netherlands",2011,"Import",5,1121.207
"H0","AUS","9503","Australia","NLD","Netherlands",2012,"Import",5,1775.095
"H0","AUS","9503","Australia","NLD","Netherlands",2013,"Import",5,1082.04
"H0","AUS","9503","Australia","NLD","Netherlands",2014,"Import",5,857.568
"H0","AUS","9503","Australia","NLD","Netherlands",2015,"Import",5,875.262
"H0","AUS","9503","Australia","NLD","Netherlands",2016,"Import",5,1511.65
"H0","AUS","9503","Australia","NLD","Netherlands",2017,"Import",5,1207.59
"H0","AUS","9503","Australia","NLD","Netherlands",2018,"Import",5,7145.628
"H0","AUS","9503","Australia","NLD","Netherlands",2019,"Import",5,1169.064
"H0","AUS","9503","Australia","NLD","Netherlands",2020,"Import",5,1730.728
"H0","AUS","9503","Australia","NLD","Netherlands",2021,"Import",5,1309.307
"H0","AUS","9503","Australia","NLD","Netherlands",2022,"Import",5,1862.136
"H0","AUS","9503","Australia","NLD","Netherlands",2023,"Import",5,1374.679
"H0","AUS","9503","Australia","NLD","Netherlands",2024,"Import",5,844.523
"H0","AUS","9503","Australia","NLD","Netherlands",2025,"Import",5,566.211
"H0","AUS","9503","Australia","NOR","Norway",1995,"Import",5,1.853
"H0","AUS","9503","Australia","NOR","Norway",1996,"Import",5,11.662
"H0","AUS","9503","Australia","NOR","Norway",1997,"Import",5,3.509
"H0","AUS","9503","Australia","NOR","Norway",1998,"Import",5,2.439
"H0","AUS","9503","Australia","NOR","Norway",1999,"Import",5,8.516
"H0","AUS","9503","Australia","NOR","Norway",2000,"Import",5,1.704
"H0","AUS","9503","Australia","NOR","Norway",2001,"Import",5,1.735
"H0","AUS","9503","Australia","NOR","Norway",2002,"Import",5,1.524
"H0","AUS","9503","Australia","NOR","Norway",2003,"Import",5,4.049
"H0","AUS","9503","Australia","NOR","Norway",2004,"Import",5,2.766
"H0","AUS","9503","Australia","NOR","Norway",2005,"Import",5,0.505
"H0","AUS","9503","Australia","NOR","Norway",2006,"Import",5,12.288
"H0","AUS","9503","Australia","NOR","Norway",2007,"Import",5,21.264
"H0","AUS","9503","Australia","NOR","Norway",2008,"Import",5,6.788
"H0","AUS","9503","Australia","NOR","Norway",2009,"Import",5,6.643
"H0","AUS","9503","Australia","NOR","Norway",2012,"Import",5,1.978
"H0","AUS","9503","Australia","NOR","Norway",2013,"Import",5,4.243
"H0","AUS","9503","Australia","NOR","Norway",2015,"Import",5,106.351
"H0","AUS","9503","Australia","NOR","Norway",2016,"Import",5,7.434
"H0","AUS","9503","Australia","NOR","Norway",2017,"Import",5,6.608
"H0","AUS","9503","Australia","NOR","Norway",2019,"Import",5,4.55
"H0","AUS","9503","Australia","NOR","Norway",2020,"Import",5,87.041
"H0","AUS","9503","Australia","NOR","Norway",2021,"Import",5,9.622
"H0","AUS","9503","Australia","NOR","Norway",2022,"Import",5,10.414
"H0","AUS","9503","Australia","NOR","Norway",2023,"Import",5,32.674
"H0","AUS","9503","Australia","NOR","Norway",2024,"Import",5,27.165
"H0","AUS","9503","Australia","NOR","Norway",2025,"Import",5,51.746
"H0","AUS","9503","Australia","NPL","Nepal",2000,"Import",5,0.488
"H0","AUS","9503","Australia","NPL","Nepal",2001,"Import",5,4.174
"H0","AUS","9503","Australia","NPL","Nepal",2003,"Import",5,0.226
"H0","AUS","9503","Australia","NPL","Nepal",2005,"Import",5,3.343
"H0","AUS","9503","Australia","NPL","Nepal",2006,"Import",5,9.341
"H0","AUS","9503","Australia","NPL","Nepal",2007,"Import",5,30.954
"H0","AUS","9503","Australia","NPL","Nepal",2008,"Import",5,57.821
"H0","AUS","9503","Australia","NPL","Nepal",2009,"Import",5,48.631
"H0","AUS","9503","Australia","NPL","Nepal",2010,"Import",5,56.357
"H0","AUS","9503","Australia","NPL","Nepal",2011,"Import",5,40.989
"H0","AUS","9503","Australia","NPL","Nepal",2012,"Import",5,46.093
"H0","AUS","9503","Australia","NPL","Nepal",2013,"Import",5,67.296
"H0","AUS","9503","Australia","NPL","Nepal",2014,"Import",5,74.547
"H0","AUS","9503","Australia","NPL","Nepal",2015,"Import",5,71.514
"H0","AUS","9503","Australia","NPL","Nepal",2016,"Import",5,56.899
"H0","AUS","9503","Australia","NPL","Nepal",2017,"Import",5,64.178
"H0","AUS","9503","Australia","NPL","Nepal",2018,"Import",5,89.785
"H0","AUS","9503","Australia","NPL","Nepal",2019,"Import",5,120.131
"H0","AUS","9503","Australia","NPL","Nepal",2020,"Import",5,324.133
"H0","AUS","9503","Australia","NPL","Nepal",2021,"Import",5,573.176
"H0","AUS","9503","Australia","NPL","Nepal",2022,"Import",5,474.911
"H0","AUS","9503","Australia","NPL","Nepal",2023,"Import",5,739.728
"H0","AUS","9503","Australia","NPL","Nepal",2024,"Import",5,664.013
"H0","AUS","9503","Australia","NPL","Nepal",2025,"Import",5,568.159
"H0","AUS","9503","Australia","NRU","Naoero",2006,"Import",5,5.936
"H0","AUS","9503","Australia","NZL","New Zealand",1995,"Import",5,1780.563
"H0","AUS","9503","Australia","NZL","New Zealand",1996,"Import",5,1724.481
"H0","AUS","9503","Australia","NZL","New Zealand",1997,"Import",5,1781.946
"H0","AUS","9503","Australia","NZL","New Zealand",1998,"Import",5,1188.444
"H0","AUS","9503","Australia","NZL","New Zealand",1999,"Import",5,1293.286
"H0","AUS","9503","Australia","NZL","New Zealand",2000,"Import",5,1115.288
"H0","AUS","9503","Australia","NZL","New Zealand",2001,"Import",5,990.247
"H0","AUS","9503","Australia","NZL","New Zealand",2002,"Import",5,1031.13
"H0","AUS","9503","Australia","NZL","New Zealand",2003,"Import",5,935.281
"H0","AUS","9503","Australia","NZL","New Zealand",2004,"Import",5,1083.164
"H0","AUS","9503","Australia","NZL","New Zealand",2005,"Import",5,1045.154
"H0","AUS","9503","Australia","NZL","New Zealand",2006,"Import",5,969.325
"H0","AUS","9503","Australia","NZL","New Zealand",2007,"Import",5,1204.207
"H0","AUS","9503","Australia","NZL","New Zealand",2008,"Import",5,967.215
"H0","AUS","9503","Australia","NZL","New Zealand",2009,"Import",5,1172.296
"H0","AUS","9503","Australia","NZL","New Zealand",2010,"Import",5,1372.281
"H0","AUS","9503","Australia","NZL","New Zealand",2011,"Import",5,1017.976
"H0","AUS","9503","Australia","NZL","New Zealand",2012,"Import",5,1271.799
"H0","AUS","9503","Australia","NZL","New Zealand",2013,"Import",5,1148.59
"H0","AUS","9503","Australia","NZL","New Zealand",2014,"Import",5,1185.51
"H0","AUS","9503","Australia","NZL","New Zealand",2015,"Import",5,1045.683
"H0","AUS","9503","Australia","NZL","New Zealand",2016,"Import",5,1120.414
"H0","AUS","9503","Australia","NZL","New Zealand",2017,"Import",5,1845.812
"H0","AUS","9503","Australia","NZL","New Zealand",2018,"Import",5,1234.408
"H0","AUS","9503","Australia","NZL","New Zealand",2019,"Import",5,873.122
"H0","AUS","9503","Australia","NZL","New Zealand",2020,"Import",5,1599.531
"H0","AUS","9503","Australia","NZL","New Zealand",2021,"Import",5,820.682
"H0","AUS","9503","Australia","NZL","New Zealand",2022,"Import",5,586.58
"H0","AUS","9503","Australia","NZL","New Zealand",2023,"Import",5,933.675
"H0","AUS","9503","Australia","NZL","New Zealand",2024,"Import",5,897.299
"H0","AUS","9503","Australia","NZL","New Zealand",2025,"Import",5,771.507
"H0","AUS","9503","Australia","OAS","Other Asia, nes",1995,"Import",5,6744.352
"H0","AUS","9503","Australia","OAS","Other Asia, nes",1996,"Import",5,7930.922
"H0","AUS","9503","Australia","OAS","Other Asia, nes",1997,"Import",5,6798.271
"H0","AUS","9503","Australia","OAS","Other Asia, nes",1998,"Import",5,6598.69
"H0","AUS","9503","Australia","OAS","Other Asia, nes",1999,"Import",5,6656.434
"H0","AUS","9503","Australia","OAS","Other Asia, nes",2000,"Import",5,7006.268
"H0","AUS","9503","Australia","OAS","Other Asia, nes",2001,"Import",5,7156.6
"H0","AUS","9503","Australia","OAS","Other Asia, nes",2002,"Import",5,8171.791
"H0","AUS","9503","Australia","OAS","Other Asia, nes",2003,"Import",5,10017.988
"H0","AUS","9503","Australia","OAS","Other Asia, nes",2004,"Import",5,13519.552
"H0","AUS","9503","Australia","OAS","Other Asia, nes",2005,"Import",5,13639.343
"H0","AUS","9503","Australia","OAS","Other Asia, nes",2006,"Import",5,13214.187
"H0","AUS","9503","Australia","OAS","Other Asia, nes",2007,"Import",5,16165.964
"H0","AUS","9503","Australia","OAS","Other Asia, nes",2008,"Import",5,15253.455
"H0","AUS","9503","Australia","OAS","Other Asia, nes",2009,"Import",5,13331.64
"H0","AUS","9503","Australia","OAS","Other Asia, nes",2010,"Import",5,13667
"H0","AUS","9503","Australia","OAS","Other Asia, nes",2011,"Import",5,14599.061
"H0","AUS","9503","Australia","OAS","Other Asia, nes",2012,"Import",5,16854.279
"H0","AUS","9503","Australia","OAS","Other Asia, nes",2013,"Import",5,15107.254
"H0","AUS","9503","Australia","OAS","Other Asia, nes",2014,"Import",5,13084.617
"H0","AUS","9503","Australia","OAS","Other Asia, nes",2015,"Import",5,9474.651
"H0","AUS","9503","Australia","OAS","Other Asia, nes",2016,"Import",5,8331.987
"H0","AUS","9503","Australia","OAS","Other Asia, nes",2017,"Import",5,8785.319
"H0","AUS","9503","Australia","OAS","Other Asia, nes",2018,"Import",5,10140.253
"H0","AUS","9503","Australia","OAS","Other Asia, nes",2019,"Import",5,6633.709
"H0","AUS","9503","Australia","OAS","Other Asia, nes",2020,"Import",5,7672.184
"H0","AUS","9503","Australia","OAS","Other Asia, nes",2021,"Import",5,11781.022
"H0","AUS","9503","Australia","OAS","Other Asia, nes",2022,"Import",5,12260.689
"H0","AUS","9503","Australia","OAS","Other Asia, nes",2023,"Import",5,5979.691
"H0","AUS","9503","Australia","OAS","Other Asia, nes",2024,"Import",5,6441.857
"H0","AUS","9503","Australia","OAS","Other Asia, nes",2025,"Import",5,6288.978
"H0","AUS","9503","Australia","PAK","Pakistan",1995,"Import",5,401.055
"H0","AUS","9503","Australia","PAK","Pakistan",1996,"Import",5,340.079
"H0","AUS","9503","Australia","PAK","Pakistan",1997,"Import",5,590.253
"H0","AUS","9503","Australia","PAK","Pakistan",1998,"Import",5,394.734
"H0","AUS","9503","Australia","PAK","Pakistan",1999,"Import",5,332.316
"H0","AUS","9503","Australia","PAK","Pakistan",2000,"Import",5,503.002
"H0","AUS","9503","Australia","PAK","Pakistan",2001,"Import",5,325.947
"H0","AUS","9503","Australia","PAK","Pakistan",2002,"Import",5,364.109
"H0","AUS","9503","Australia","PAK","Pakistan",2003,"Import",5,423.328
"H0","AUS","9503","Australia","PAK","Pakistan",2004,"Import",5,349.101
"H0","AUS","9503","Australia","PAK","Pakistan",2005,"Import",5,400.808
"H0","AUS","9503","Australia","PAK","Pakistan",2006,"Import",5,413.921
"H0","AUS","9503","Australia","PAK","Pakistan",2007,"Import",5,552.49
"H0","AUS","9503","Australia","PAK","Pakistan",2008,"Import",5,245.499
"H0","AUS","9503","Australia","PAK","Pakistan",2009,"Import",5,494.954
"H0","AUS","9503","Australia","PAK","Pakistan",2010,"Import",5,568.819
"H0","AUS","9503","Australia","PAK","Pakistan",2011,"Import",5,187.626
"H0","AUS","9503","Australia","PAK","Pakistan",2012,"Import",5,42.872
"H0","AUS","9503","Australia","PAK","Pakistan",2013,"Import",5,102.105
"H0","AUS","9503","Australia","PAK","Pakistan",2014,"Import",5,165.192
"H0","AUS","9503","Australia","PAK","Pakistan",2015,"Import",5,64.089
"H0","AUS","9503","Australia","PAK","Pakistan",2016,"Import",5,74.025
"H0","AUS","9503","Australia","PAK","Pakistan",2017,"Import",5,12.437
"H0","AUS","9503","Australia","PAK","Pakistan",2018,"Import",5,108.662
"H0","AUS","9503","Australia","PAK","Pakistan",2019,"Import",5,67.932
"H0","AUS","9503","Australia","PAK","Pakistan",2020,"Import",5,27.066
"H0","AUS","9503","Australia","PAK","Pakistan",2021,"Import",5,24.506
"H0","AUS","9503","Australia","PAK","Pakistan",2022,"Import",5,29.999
"H0","AUS","9503","Australia","PAK","Pakistan",2023,"Import",5,74.16
"H0","AUS","9503","Australia","PAK","Pakistan",2024,"Import",5,28.945
"H0","AUS","9503","Australia","PAK","Pakistan",2025,"Import",5,235.931
"H0","AUS","9503","Australia","PCN","Pitcairn",2011,"Import",5,4.695
"H0","AUS","9503","Australia","PER","Peru",1995,"Import",5,11.516
"H0","AUS","9503","Australia","PER","Peru",1996,"Import",5,22.775
"H0","AUS","9503","Australia","PER","Peru",1997,"Import",5,14.156
"H0","AUS","9503","Australia","PER","Peru",1998,"Import",5,9.084
"H0","AUS","9503","Australia","PER","Peru",1999,"Import",5,11.529
"H0","AUS","9503","Australia","PER","Peru",2000,"Import",5,13.815
"H0","AUS","9503","Australia","PER","Peru",2001,"Import",5,15.603
"H0","AUS","9503","Australia","PER","Peru",2002,"Import",5,20.823
"H0","AUS","9503","Australia","PER","Peru",2003,"Import",5,23.842
"H0","AUS","9503","Australia","PER","Peru",2004,"Import",5,26.315
"H0","AUS","9503","Australia","PER","Peru",2005,"Import",5,25.955
"H0","AUS","9503","Australia","PER","Peru",2006,"Import",5,24.171
"H0","AUS","9503","Australia","PER","Peru",2007,"Import",5,31.385
"H0","AUS","9503","Australia","PER","Peru",2008,"Import",5,41.429
"H0","AUS","9503","Australia","PER","Peru",2009,"Import",5,54.253
"H0","AUS","9503","Australia","PER","Peru",2010,"Import",5,49.467
"H0","AUS","9503","Australia","PER","Peru",2011,"Import",5,42.716
"H0","AUS","9503","Australia","PER","Peru",2012,"Import",5,98.545
"H0","AUS","9503","Australia","PER","Peru",2013,"Import",5,115.074
"H0","AUS","9503","Australia","PER","Peru",2014,"Import",5,169.535
"H0","AUS","9503","Australia","PER","Peru",2015,"Import",5,241.431
"H0","AUS","9503","Australia","PER","Peru",2016,"Import",5,190.951
"H0","AUS","9503","Australia","PER","Peru",2017,"Import",5,191.067
"H0","AUS","9503","Australia","PER","Peru",2018,"Import",5,222.044
"H0","AUS","9503","Australia","PER","Peru",2019,"Import",5,269.733
"H0","AUS","9503","Australia","PER","Peru",2020,"Import",5,119.098
"H0","AUS","9503","Australia","PER","Peru",2021,"Import",5,180.783
"H0","AUS","9503","Australia","PER","Peru",2022,"Import",5,286.016
"H0","AUS","9503","Australia","PER","Peru",2023,"Import",5,245.591
"H0","AUS","9503","Australia","PER","Peru",2024,"Import",5,402.942
"H0","AUS","9503","Australia","PER","Peru",2025,"Import",5,359.341
"H0","AUS","9503","Australia","PHL","Philippines",1995,"Import",5,983.583
"H0","AUS","9503","Australia","PHL","Philippines",1996,"Import",5,1909.9
"H0","AUS","9503","Australia","PHL","Philippines",1997,"Import",5,898.722
"H0","AUS","9503","Australia","PHL","Philippines",1998,"Import",5,947.906
"H0","AUS","9503","Australia","PHL","Philippines",1999,"Import",5,689.773
"H0","AUS","9503","Australia","PHL","Philippines",2000,"Import",5,776.658
"H0","AUS","9503","Australia","PHL","Philippines",2001,"Import",5,992.184
"H0","AUS","9503","Australia","PHL","Philippines",2002,"Import",5,785.337
"H0","AUS","9503","Australia","PHL","Philippines",2003,"Import",5,896.254
"H0","AUS","9503","Australia","PHL","Philippines",2004,"Import",5,1414.353
"H0","AUS","9503","Australia","PHL","Philippines",2005,"Import",5,1536.569
"H0","AUS","9503","Australia","PHL","Philippines",2006,"Import",5,1346.031
"H0","AUS","9503","Australia","PHL","Philippines",2007,"Import",5,2144.313
"H0","AUS","9503","Australia","PHL","Philippines",2008,"Import",5,1800.548
"H0","AUS","9503","Australia","PHL","Philippines",2009,"Import",5,1827.65
"H0","AUS","9503","Australia","PHL","Philippines",2010,"Import",5,1854.696
"H0","AUS","9503","Australia","PHL","Philippines",2011,"Import",5,1704.062
"H0","AUS","9503","Australia","PHL","Philippines",2012,"Import",5,2122.991
"H0","AUS","9503","Australia","PHL","Philippines",2013,"Import",5,1671.009
"H0","AUS","9503","Australia","PHL","Philippines",2014,"Import",5,1759.308
"H0","AUS","9503","Australia","PHL","Philippines",2015,"Import",5,1749.33
"H0","AUS","9503","Australia","PHL","Philippines",2016,"Import",5,1441.768
"H0","AUS","9503","Australia","PHL","Philippines",2017,"Import",5,1451.74
"H0","AUS","9503","Australia","PHL","Philippines",2018,"Import",5,1633.41
"H0","AUS","9503","Australia","PHL","Philippines",2019,"Import",5,1597.335
"H0","AUS","9503","Australia","PHL","Philippines",2020,"Import",5,1265.479
"H0","AUS","9503","Australia","PHL","Philippines",2021,"Import",5,1941.518
"H0","AUS","9503","Australia","PHL","Philippines",2022,"Import",5,2049.873
"H0","AUS","9503","Australia","PHL","Philippines",2023,"Import",5,1400.183
"H0","AUS","9503","Australia","PHL","Philippines",2024,"Import",5,1876.967
"H0","AUS","9503","Australia","PHL","Philippines",2025,"Import",5,1752.097
"H0","AUS","9503","Australia","PNG","Papua New Guinea",1995,"Import",5,2.451
"H0","AUS","9503","Australia","PNG","Papua New Guinea",2000,"Import",5,0.488
"H0","AUS","9503","Australia","PNG","Papua New Guinea",2004,"Import",5,0.783
"H0","AUS","9503","Australia","PNG","Papua New Guinea",2009,"Import",5,8.539
"H0","AUS","9503","Australia","PNG","Papua New Guinea",2024,"Import",5,1.04
"H0","AUS","9503","Australia","POL","Poland",1995,"Import",5,79.041
"H0","AUS","9503","Australia","POL","Poland",1996,"Import",5,60.859
"H0","AUS","9503","Australia","POL","Poland",1997,"Import",5,107.499
"H0","AUS","9503","Australia","POL","Poland",1998,"Import",5,28.174
"H0","AUS","9503","Australia","POL","Poland",1999,"Import",5,37.434
"H0","AUS","9503","Australia","POL","Poland",2000,"Import",5,83.289
"H0","AUS","9503","Australia","POL","Poland",2001,"Import",5,151.324
"H0","AUS","9503","Australia","POL","Poland",2002,"Import",5,81.538
"H0","AUS","9503","Australia","POL","Poland",2003,"Import",5,114.968
"H0","AUS","9503","Australia","POL","Poland",2004,"Import",5,154.294
"H0","AUS","9503","Australia","POL","Poland",2005,"Import",5,134.936
"H0","AUS","9503","Australia","POL","Poland",2006,"Import",5,308.363
"H0","AUS","9503","Australia","POL","Poland",2007,"Import",5,231.405
"H0","AUS","9503","Australia","POL","Poland",2008,"Import",5,454.393
"H0","AUS","9503","Australia","POL","Poland",2009,"Import",5,487.752
"H0","AUS","9503","Australia","POL","Poland",2010,"Import",5,791.406
"H0","AUS","9503","Australia","POL","Poland",2011,"Import",5,437.664
"H0","AUS","9503","Australia","POL","Poland",2012,"Import",5,513.17
"H0","AUS","9503","Australia","POL","Poland",2013,"Import",5,800.465
"H0","AUS","9503","Australia","POL","Poland",2014,"Import",5,1243.398
"H0","AUS","9503","Australia","POL","Poland",2015,"Import",5,3672.91
"H0","AUS","9503","Australia","POL","Poland",2016,"Import",5,492.084
"H0","AUS","9503","Australia","POL","Poland",2017,"Import",5,1449.18
"H0","AUS","9503","Australia","POL","Poland",2018,"Import",5,817.656
"H0","AUS","9503","Australia","POL","Poland",2019,"Import",5,2164.873
"H0","AUS","9503","Australia","POL","Poland",2020,"Import",5,1380.289
"H0","AUS","9503","Australia","POL","Poland",2021,"Import",5,2920.692
"H0","AUS","9503","Australia","POL","Poland",2022,"Import",5,2528.613
"H0","AUS","9503","Australia","POL","Poland",2023,"Import",5,1522.56
"H0","AUS","9503","Australia","POL","Poland",2024,"Import",5,2568.133
"H0","AUS","9503","Australia","POL","Poland",2025,"Import",5,1379.818
"H0","AUS","9503","Australia","PRK","Korea, Dem. Rep.",1996,"Import",5,3.243
"H0","AUS","9503","Australia","PRK","Korea, Dem. Rep.",2001,"Import",5,4.201
"H0","AUS","9503","Australia","PRK","Korea, Dem. Rep.",2002,"Import",5,2.021
"H0","AUS","9503","Australia","PRK","Korea, Dem. Rep.",2003,"Import",5,1.502
"H0","AUS","9503","Australia","PRK","Korea, Dem. Rep.",2004,"Import",5,47.264
"H0","AUS","9503","Australia","PRK","Korea, Dem. Rep.",2005,"Import",5,84.573
"H0","AUS","9503","Australia","PRK","Korea, Dem. Rep.",2006,"Import",5,1.09
"H0","AUS","9503","Australia","PRT","Portugal",1995,"Import",5,236.085
"H0","AUS","9503","Australia","PRT","Portugal",1996,"Import",5,99.518
"H0","AUS","9503","Australia","PRT","Portugal",1997,"Import",5,81.754
"H0","AUS","9503","Australia","PRT","Portugal",1998,"Import",5,115.925
"H0","AUS","9503","Australia","PRT","Portugal",1999,"Import",5,103.107
"H0","AUS","9503","Australia","PRT","Portugal",2000,"Import",5,143.173
"H0","AUS","9503","Australia","PRT","Portugal",2001,"Import",5,78.048
"H0","AUS","9503","Australia","PRT","Portugal",2002,"Import",5,9.094
"H0","AUS","9503","Australia","PRT","Portugal",2003,"Import",5,6.422
"H0","AUS","9503","Australia","PRT","Portugal",2004,"Import",5,14.323
"H0","AUS","9503","Australia","PRT","Portugal",2005,"Import",5,6.387
"H0","AUS","9503","Australia","PRT","Portugal",2006,"Import",5,8.682
"H0","AUS","9503","Australia","PRT","Portugal",2007,"Import",5,9.137
"H0","AUS","9503","Australia","PRT","Portugal",2008,"Import",5,3.872
"H0","AUS","9503","Australia","PRT","Portugal",2009,"Import",5,117.546
"H0","AUS","9503","Australia","PRT","Portugal",2010,"Import",5,76.582
"H0","AUS","9503","Australia","PRT","Portugal",2011,"Import",5,66.963
"H0","AUS","9503","Australia","PRT","Portugal",2012,"Import",5,16.383
"H0","AUS","9503","Australia","PRT","Portugal",2013,"Import",5,4.195
"H0","AUS","9503","Australia","PRT","Portugal",2014,"Import",5,4.943
"H0","AUS","9503","Australia","PRT","Portugal",2015,"Import",5,4.17
"H0","AUS","9503","Australia","PRT","Portugal",2016,"Import",5,27.351
"H0","AUS","9503","Australia","PRT","Portugal",2017,"Import",5,53.308
"H0","AUS","9503","Australia","PRT","Portugal",2018,"Import",5,121.899
"H0","AUS","9503","Australia","PRT","Portugal",2019,"Import",5,660.421
"H0","AUS","9503","Australia","PRT","Portugal",2020,"Import",5,1301.687
"H0","AUS","9503","Australia","PRT","Portugal",2021,"Import",5,1628.942
"H0","AUS","9503","Australia","PRT","Portugal",2022,"Import",5,99.357
"H0","AUS","9503","Australia","PRT","Portugal",2023,"Import",5,185.214
"H0","AUS","9503","Australia","PRT","Portugal",2024,"Import",5,188.993
"H0","AUS","9503","Australia","PRT","Portugal",2025,"Import",5,275.72
"H0","AUS","9503","Australia","PYF","French Polynesia",2005,"Import",5,1.863
"H0","AUS","9503","Australia","QAT","Qatar",2010,"Import",5,370.4
"H0","AUS","9503","Australia","QAT","Qatar",2017,"Import",5,1.512
"H0","AUS","9503","Australia","QAT","Qatar",2019,"Import",5,1.552
"H0","AUS","9503","Australia","QAT","Qatar",2020,"Import",5,1.542
"H0","AUS","9503","Australia","QAT","Qatar",2021,"Import",5,1.423
"H0","AUS","9503","Australia","QAT","Qatar",2022,"Import",5,5.487
"H0","AUS","9503","Australia","QAT","Qatar",2025,"Import",5,0.995
"H0","AUS","9503","Australia","ROM","Romania",1995,"Import",5,0.731
"H0","AUS","9503","Australia","ROM","Romania",1996,"Import",5,13.439
"H0","AUS","9503","Australia","ROM","Romania",1997,"Import",5,2.991
"H0","AUS","9503","Australia","ROM","Romania",1998,"Import",5,1.749
"H0","AUS","9503","Australia","ROM","Romania",1999,"Import",5,7.51
"H0","AUS","9503","Australia","ROM","Romania",2000,"Import",5,4.595
"H0","AUS","9503","Australia","ROM","Romania",2001,"Import",5,4.149
"H0","AUS","9503","Australia","ROM","Romania",2002,"Import",5,141.837
"H0","AUS","9503","Australia","ROM","Romania",2003,"Import",5,2201.188
"H0","AUS","9503","Australia","ROM","Romania",2004,"Import",5,1269.76
"H0","AUS","9503","Australia","ROM","Romania",2005,"Import",5,486.304
"H0","AUS","9503","Australia","ROM","Romania",2007,"Import",5,24.826
"H0","AUS","9503","Australia","ROM","Romania",2008,"Import",5,53.803
"H0","AUS","9503","Australia","ROM","Romania",2009,"Import",5,18.834
"H0","AUS","9503","Australia","ROM","Romania",2010,"Import",5,30.772
"H0","AUS","9503","Australia","ROM","Romania",2011,"Import",5,13.293
"H0","AUS","9503","Australia","ROM","Romania",2012,"Import",5,8.58
"H0","AUS","9503","Australia","ROM","Romania",2013,"Import",5,19.98
"H0","AUS","9503","Australia","ROM","Romania",2014,"Import",5,169.675
"H0","AUS","9503","Australia","ROM","Romania",2015,"Import",5,244.132
"H0","AUS","9503","Australia","ROM","Romania",2016,"Import",5,109.287
"H0","AUS","9503","Australia","ROM","Romania",2017,"Import",5,49.559
"H0","AUS","9503","Australia","ROM","Romania",2018,"Import",5,138.089
"H0","AUS","9503","Australia","ROM","Romania",2019,"Import",5,135.327
"H0","AUS","9503","Australia","ROM","Romania",2020,"Import",5,175.366
"H0","AUS","9503","Australia","ROM","Romania",2021,"Import",5,201.519
"H0","AUS","9503","Australia","ROM","Romania",2022,"Import",5,255.441
"H0","AUS","9503","Australia","ROM","Romania",2023,"Import",5,289.908
"H0","AUS","9503","Australia","ROM","Romania",2024,"Import",5,142.166
"H0","AUS","9503","Australia","ROM","Romania",2025,"Import",5,202.562
"H0","AUS","9503","Australia","RUS","Russian Federation",1995,"Import",5,8.041
"H0","AUS","9503","Australia","RUS","Russian Federation",1996,"Import",5,2.983
"H0","AUS","9503","Australia","RUS","Russian Federation",1997,"Import",5,6.439
"H0","AUS","9503","Australia","RUS","Russian Federation",1998,"Import",5,7.691
"H0","AUS","9503","Australia","RUS","Russian Federation",1999,"Import",5,29.214
"H0","AUS","9503","Australia","RUS","Russian Federation",2000,"Import",5,2.41
"H0","AUS","9503","Australia","RUS","Russian Federation",2001,"Import",5,9.939
"H0","AUS","9503","Australia","RUS","Russian Federation",2002,"Import",5,3.799
"H0","AUS","9503","Australia","RUS","Russian Federation",2003,"Import",5,17.687
"H0","AUS","9503","Australia","RUS","Russian Federation",2004,"Import",5,49.695
"H0","AUS","9503","Australia","RUS","Russian Federation",2005,"Import",5,4.758
"H0","AUS","9503","Australia","RUS","Russian Federation",2006,"Import",5,24.178
"H0","AUS","9503","Australia","RUS","Russian Federation",2007,"Import",5,79.214
"H0","AUS","9503","Australia","RUS","Russian Federation",2008,"Import",5,176.103
"H0","AUS","9503","Australia","RUS","Russian Federation",2009,"Import",5,55.264
"H0","AUS","9503","Australia","RUS","Russian Federation",2010,"Import",5,99.027
"H0","AUS","9503","Australia","RUS","Russian Federation",2011,"Import",5,105.939
"H0","AUS","9503","Australia","RUS","Russian Federation",2012,"Import",5,73.768
"H0","AUS","9503","Australia","RUS","Russian Federation",2013,"Import",5,45.288
"H0","AUS","9503","Australia","RUS","Russian Federation",2014,"Import",5,62.871
"H0","AUS","9503","Australia","RUS","Russian Federation",2015,"Import",5,29.454
"H0","AUS","9503","Australia","RUS","Russian Federation",2016,"Import",5,27.779
"H0","AUS","9503","Australia","RUS","Russian Federation",2017,"Import",5,20.208
"H0","AUS","9503","Australia","RUS","Russian Federation",2018,"Import",5,27.198
"H0","AUS","9503","Australia","RUS","Russian Federation",2019,"Import",5,47.309
"H0","AUS","9503","Australia","RUS","Russian Federation",2020,"Import",5,161.381
"H0","AUS","9503","Australia","RUS","Russian Federation",2021,"Import",5,491.534
"H0","AUS","9503","Australia","RUS","Russian Federation",2022,"Import",5,41.553
"H0","AUS","9503","Australia","RUS","Russian Federation",2023,"Import",5,14.255
"H0","AUS","9503","Australia","RUS","Russian Federation",2024,"Import",5,7.332
"H0","AUS","9503","Australia","RUS","Russian Federation",2025,"Import",5,4.172
"H0","AUS","9503","Australia","SAU","Saudi Arabia",1997,"Import",5,2.458
"H0","AUS","9503","Australia","SAU","Saudi Arabia",2002,"Import",5,1.433
"H0","AUS","9503","Australia","SAU","Saudi Arabia",2003,"Import",5,0.25
"H0","AUS","9503","Australia","SAU","Saudi Arabia",2004,"Import",5,0.884
"H0","AUS","9503","Australia","SAU","Saudi Arabia",2005,"Import",5,2.547
"H0","AUS","9503","Australia","SAU","Saudi Arabia",2012,"Import",5,1.318
"H0","AUS","9503","Australia","SAU","Saudi Arabia",2021,"Import",5,0.948
"H0","AUS","9503","Australia","SEN","Senegal",2003,"Import",5,0.342
"H0","AUS","9503","Australia","SEN","Senegal",2009,"Import",5,5.8
"H0","AUS","9503","Australia","SEN","Senegal",2018,"Import",5,1.62
"H0","AUS","9503","Australia","SER","Serbia, FR(Serbia/Montenegro)",2003,"Import",5,2.988
"H0","AUS","9503","Australia","SER","Serbia, FR(Serbia/Montenegro)",2004,"Import",5,2.662
"H0","AUS","9503","Australia","SER","Serbia, FR(Serbia/Montenegro)",2005,"Import",5,70.971
"H0","AUS","9503","Australia","SER","Serbia, FR(Serbia/Montenegro)",2006,"Import",5,20.062
"H0","AUS","9503","Australia","SER","Serbia, FR(Serbia/Montenegro)",2007,"Import",5,29.047
"H0","AUS","9503","Australia","SER","Serbia, FR(Serbia/Montenegro)",2008,"Import",5,20.417
"H0","AUS","9503","Australia","SER","Serbia, FR(Serbia/Montenegro)",2010,"Import",5,4.307
"H0","AUS","9503","Australia","SER","Serbia, FR(Serbia/Montenegro)",2012,"Import",5,1.573
"H0","AUS","9503","Australia","SER","Serbia, FR(Serbia/Montenegro)",2013,"Import",5,2.698
"H0","AUS","9503","Australia","SER","Serbia, FR(Serbia/Montenegro)",2019,"Import",5,1.728
"H0","AUS","9503","Australia","SER","Serbia, FR(Serbia/Montenegro)",2020,"Import",5,1.826
"H0","AUS","9503","Australia","SER","Serbia, FR(Serbia/Montenegro)",2022,"Import",5,1.363
"H0","AUS","9503","Australia","SER","Serbia, FR(Serbia/Montenegro)",2023,"Import",5,83.451
"H0","AUS","9503","Australia","SER","Serbia, FR(Serbia/Montenegro)",2024,"Import",5,93.679
"H0","AUS","9503","Australia","SGP","Singapore",1995,"Import",5,564.976
"H0","AUS","9503","Australia","SGP","Singapore",1996,"Import",5,289.842
"H0","AUS","9503","Australia","SGP","Singapore",1997,"Import",5,614.394
"H0","AUS","9503","Australia","SGP","Singapore",1998,"Import",5,123.929
"H0","AUS","9503","Australia","SGP","Singapore",1999,"Import",5,334.846
"H0","AUS","9503","Australia","SGP","Singapore",2000,"Import",5,248.51
"H0","AUS","9503","Australia","SGP","Singapore",2001,"Import",5,491.751
"H0","AUS","9503","Australia","SGP","Singapore",2002,"Import",5,237.1
"H0","AUS","9503","Australia","SGP","Singapore",2003,"Import",5,221.992
"H0","AUS","9503","Australia","SGP","Singapore",2004,"Import",5,136.156
"H0","AUS","9503","Australia","SGP","Singapore",2005,"Import",5,192.083
"H0","AUS","9503","Australia","SGP","Singapore",2006,"Import",5,378.087
"H0","AUS","9503","Australia","SGP","Singapore",2007,"Import",5,324.766
"H0","AUS","9503","Australia","SGP","Singapore",2008,"Import",5,711.064
"H0","AUS","9503","Australia","SGP","Singapore",2009,"Import",5,842.215
"H0","AUS","9503","Australia","SGP","Singapore",2010,"Import",5,691.821
"H0","AUS","9503","Australia","SGP","Singapore",2011,"Import",5,517.061
"H0","AUS","9503","Australia","SGP","Singapore",2012,"Import",5,381.592
"H0","AUS","9503","Australia","SGP","Singapore",2013,"Import",5,612.382
"H0","AUS","9503","Australia","SGP","Singapore",2014,"Import",5,535.563
"H0","AUS","9503","Australia","SGP","Singapore",2015,"Import",5,470.302
"H0","AUS","9503","Australia","SGP","Singapore",2016,"Import",5,582.223
"H0","AUS","9503","Australia","SGP","Singapore",2017,"Import",5,726.803
"H0","AUS","9503","Australia","SGP","Singapore",2018,"Import",5,524.69
"H0","AUS","9503","Australia","SGP","Singapore",2019,"Import",5,299.47
"H0","AUS","9503","Australia","SGP","Singapore",2020,"Import",5,665.882
"H0","AUS","9503","Australia","SGP","Singapore",2021,"Import",5,917.552
"H0","AUS","9503","Australia","SGP","Singapore",2022,"Import",5,1210.865
"H0","AUS","9503","Australia","SGP","Singapore",2023,"Import",5,1090.284
"H0","AUS","9503","Australia","SGP","Singapore",2024,"Import",5,148.515
"H0","AUS","9503","Australia","SGP","Singapore",2025,"Import",5,285.712
"H0","AUS","9503","Australia","SLE","Sierra Leone",2006,"Import",5,62.598
"H0","AUS","9503","Australia","SLE","Sierra Leone",2008,"Import",5,2.401
"H0","AUS","9503","Australia","SLE","Sierra Leone",2010,"Import",5,3.621
"H0","AUS","9503","Australia","SLE","Sierra Leone",2012,"Import",5,4.166
"H0","AUS","9503","Australia","SLE","Sierra Leone",2014,"Import",5,25.649
"H0","AUS","9503","Australia","SLE","Sierra Leone",2015,"Import",5,2.946
"H0","AUS","9503","Australia","SLE","Sierra Leone",2016,"Import",5,2.308
"H0","AUS","9503","Australia","SLE","Sierra Leone",2017,"Import",5,0.896
"H0","AUS","9503","Australia","SLE","Sierra Leone",2018,"Import",5,9.103
"H0","AUS","9503","Australia","SLE","Sierra Leone",2019,"Import",5,14.563
"H0","AUS","9503","Australia","SLE","Sierra Leone",2020,"Import",5,27.611
"H0","AUS","9503","Australia","SLV","El Salvador",1995,"Import",5,0.916
"H0","AUS","9503","Australia","SLV","El Salvador",1998,"Import",5,14.512
"H0","AUS","9503","Australia","SLV","El Salvador",2000,"Import",5,0.408
"H0","AUS","9503","Australia","SLV","El Salvador",2002,"Import",5,0.201
"H0","AUS","9503","Australia","SLV","El Salvador",2003,"Import",5,0.702
"H0","AUS","9503","Australia","SLV","El Salvador",2005,"Import",5,8.324
"H0","AUS","9503","Australia","SLV","El Salvador",2015,"Import",5,2.829
"H0","AUS","9503","Australia","SLV","El Salvador",2025,"Import",5,1.684
"H0","AUS","9503","Australia","STP","Sao Tome and Principe",2011,"Import",5,5.627
"H0","AUS","9503","Australia","SUR","Suriname",2007,"Import",5,41.748
"H0","AUS","9503","Australia","SUR","Suriname",2008,"Import",5,6.904
"H0","AUS","9503","Australia","SVK","Slovak Republic",1996,"Import",5,2.119
"H0","AUS","9503","Australia","SVK","Slovak Republic",1998,"Import",5,2.453
"H0","AUS","9503","Australia","SVK","Slovak Republic",2000,"Import",5,7.558
"H0","AUS","9503","Australia","SVK","Slovak Republic",2001,"Import",5,18.596
"H0","AUS","9503","Australia","SVK","Slovak Republic",2002,"Import",5,3.979
"H0","AUS","9503","Australia","SVK","Slovak Republic",2003,"Import",5,30.419
"H0","AUS","9503","Australia","SVK","Slovak Republic",2004,"Import",5,3.518
"H0","AUS","9503","Australia","SVK","Slovak Republic",2005,"Import",5,16.998
"H0","AUS","9503","Australia","SVK","Slovak Republic",2006,"Import",5,11.878
"H0","AUS","9503","Australia","SVK","Slovak Republic",2007,"Import",5,97.394
"H0","AUS","9503","Australia","SVK","Slovak Republic",2008,"Import",5,145.052
"H0","AUS","9503","Australia","SVK","Slovak Republic",2009,"Import",5,129.875
"H0","AUS","9503","Australia","SVK","Slovak Republic",2010,"Import",5,442.124
"H0","AUS","9503","Australia","SVK","Slovak Republic",2011,"Import",5,251.195
"H0","AUS","9503","Australia","SVK","Slovak Republic",2012,"Import",5,266.444
"H0","AUS","9503","Australia","SVK","Slovak Republic",2013,"Import",5,282.414
"H0","AUS","9503","Australia","SVK","Slovak Republic",2014,"Import",5,253.566
"H0","AUS","9503","Australia","SVK","Slovak Republic",2015,"Import",5,190.547
"H0","AUS","9503","Australia","SVK","Slovak Republic",2016,"Import",5,206.768
"H0","AUS","9503","Australia","SVK","Slovak Republic",2017,"Import",5,180.441
"H0","AUS","9503","Australia","SVK","Slovak Republic",2018,"Import",5,165.885
"H0","AUS","9503","Australia","SVK","Slovak Republic",2019,"Import",5,206.783
"H0","AUS","9503","Australia","SVK","Slovak Republic",2020,"Import",5,241.274
"H0","AUS","9503","Australia","SVK","Slovak Republic",2021,"Import",5,217.593
"H0","AUS","9503","Australia","SVK","Slovak Republic",2022,"Import",5,225.211
"H0","AUS","9503","Australia","SVK","Slovak Republic",2023,"Import",5,176.074
"H0","AUS","9503","Australia","SVK","Slovak Republic",2024,"Import",5,197.267
"H0","AUS","9503","Australia","SVK","Slovak Republic",2025,"Import",5,107.488
"H0","AUS","9503","Australia","SVN","Slovenia",1995,"Import",5,97.562
"H0","AUS","9503","Australia","SVN","Slovenia",1996,"Import",5,54.801
"H0","AUS","9503","Australia","SVN","Slovenia",1997,"Import",5,88.669
"H0","AUS","9503","Australia","SVN","Slovenia",1998,"Import",5,3.372
"H0","AUS","9503","Australia","SVN","Slovenia",1999,"Import",5,6.035
"H0","AUS","9503","Australia","SVN","Slovenia",2000,"Import",5,10.162
"H0","AUS","9503","Australia","SVN","Slovenia",2001,"Import",5,21.808
"H0","AUS","9503","Australia","SVN","Slovenia",2002,"Import",5,28.459
"H0","AUS","9503","Australia","SVN","Slovenia",2003,"Import",5,33.228
"H0","AUS","9503","Australia","SVN","Slovenia",2004,"Import",5,50.825
"H0","AUS","9503","Australia","SVN","Slovenia",2005,"Import",5,257.454
"H0","AUS","9503","Australia","SVN","Slovenia",2006,"Import",5,143.694
"H0","AUS","9503","Australia","SVN","Slovenia",2007,"Import",5,23.226
"H0","AUS","9503","Australia","SVN","Slovenia",2008,"Import",5,82.838
"H0","AUS","9503","Australia","SVN","Slovenia",2009,"Import",5,6.446
"H0","AUS","9503","Australia","SVN","Slovenia",2010,"Import",5,2.463
"H0","AUS","9503","Australia","SVN","Slovenia",2011,"Import",5,1.386
"H0","AUS","9503","Australia","SVN","Slovenia",2012,"Import",5,3.156
"H0","AUS","9503","Australia","SVN","Slovenia",2013,"Import",5,2.009
"H0","AUS","9503","Australia","SVN","Slovenia",2014,"Import",5,5.895
"H0","AUS","9503","Australia","SVN","Slovenia",2015,"Import",5,6.64
"H0","AUS","9503","Australia","SVN","Slovenia",2017,"Import",5,6.871
"H0","AUS","9503","Australia","SVN","Slovenia",2018,"Import",5,3.351
"H0","AUS","9503","Australia","SVN","Slovenia",2019,"Import",5,46.756
"H0","AUS","9503","Australia","SVN","Slovenia",2020,"Import",5,16.085
"H0","AUS","9503","Australia","SVN","Slovenia",2021,"Import",5,16.005
"H0","AUS","9503","Australia","SVN","Slovenia",2022,"Import",5,17.306
"H0","AUS","9503","Australia","SVN","Slovenia",2023,"Import",5,4.469
"H0","AUS","9503","Australia","SVN","Slovenia",2024,"Import",5,1.446
"H0","AUS","9503","Australia","SWE","Sweden",1995,"Import",5,489.028
"H0","AUS","9503","Australia","SWE","Sweden",1996,"Import",5,580.423
"H0","AUS","9503","Australia","SWE","Sweden",1997,"Import",5,388.781
"H0","AUS","9503","Australia","SWE","Sweden",1998,"Import",5,447.36
"H0","AUS","9503","Australia","SWE","Sweden",1999,"Import",5,901.704
"H0","AUS","9503","Australia","SWE","Sweden",2000,"Import",5,642.129
"H0","AUS","9503","Australia","SWE","Sweden",2001,"Import",5,753.621
"H0","AUS","9503","Australia","SWE","Sweden",2002,"Import",5,1162.274
"H0","AUS","9503","Australia","SWE","Sweden",2003,"Import",5,1500.866
"H0","AUS","9503","Australia","SWE","Sweden",2004,"Import",5,453.654
"H0","AUS","9503","Australia","SWE","Sweden",2005,"Import",5,355.831
"H0","AUS","9503","Australia","SWE","Sweden",2006,"Import",5,379.689
"H0","AUS","9503","Australia","SWE","Sweden",2007,"Import",5,439.115
"H0","AUS","9503","Australia","SWE","Sweden",2008,"Import",5,352.431
"H0","AUS","9503","Australia","SWE","Sweden",2009,"Import",5,344.373
"H0","AUS","9503","Australia","SWE","Sweden",2010,"Import",5,362.92
"H0","AUS","9503","Australia","SWE","Sweden",2011,"Import",5,338.398
"H0","AUS","9503","Australia","SWE","Sweden",2012,"Import",5,306.464
"H0","AUS","9503","Australia","SWE","Sweden",2013,"Import",5,426.45
"H0","AUS","9503","Australia","SWE","Sweden",2014,"Import",5,1723.642
"H0","AUS","9503","Australia","SWE","Sweden",2015,"Import",5,438.672
"H0","AUS","9503","Australia","SWE","Sweden",2016,"Import",5,164.308
"H0","AUS","9503","Australia","SWE","Sweden",2017,"Import",5,142.232
"H0","AUS","9503","Australia","SWE","Sweden",2018,"Import",5,149.636
"H0","AUS","9503","Australia","SWE","Sweden",2019,"Import",5,182.056
"H0","AUS","9503","Australia","SWE","Sweden",2020,"Import",5,198.416
"H0","AUS","9503","Australia","SWE","Sweden",2021,"Import",5,279.169
"H0","AUS","9503","Australia","SWE","Sweden",2022,"Import",5,263.416
"H0","AUS","9503","Australia","SWE","Sweden",2023,"Import",5,207.454
"H0","AUS","9503","Australia","SWE","Sweden",2024,"Import",5,158.367
"H0","AUS","9503","Australia","SWE","Sweden",2025,"Import",5,209.01
"H0","AUS","9503","Australia","SYC","Seychelles",2001,"Import",5,2.763
"H0","AUS","9503","Australia","SYC","Seychelles",2012,"Import",5,1.949
"H0","AUS","9503","Australia","SYR","Syrian Arab Republic",1998,"Import",5,0.57
"H0","AUS","9503","Australia","SYR","Syrian Arab Republic",2000,"Import",5,1.308
"H0","AUS","9503","Australia","SYR","Syrian Arab Republic",2001,"Import",5,0.66
"H0","AUS","9503","Australia","SYR","Syrian Arab Republic",2002,"Import",5,0.372
"H0","AUS","9503","Australia","SYR","Syrian Arab Republic",2003,"Import",5,0.329
"H0","AUS","9503","Australia","SYR","Syrian Arab Republic",2004,"Import",5,2.494
"H0","AUS","9503","Australia","SYR","Syrian Arab Republic",2005,"Import",5,0.313
"H0","AUS","9503","Australia","SYR","Syrian Arab Republic",2006,"Import",5,1.363
"H0","AUS","9503","Australia","TGO","Togo",2025,"Import",5,0.971
"H0","AUS","9503","Australia","THA","Thailand",1995,"Import",5,6730.413
"H0","AUS","9503","Australia","THA","Thailand",1996,"Import",5,6865.619
"H0","AUS","9503","Australia","THA","Thailand",1997,"Import",5,8169.751
"H0","AUS","9503","Australia","THA","Thailand",1998,"Import",5,4400.567
"H0","AUS","9503","Australia","THA","Thailand",1999,"Import",5,4555.145
"H0","AUS","9503","Australia","THA","Thailand",2000,"Import",5,4657.697
"H0","AUS","9503","Australia","THA","Thailand",2001,"Import",5,3851.581
"H0","AUS","9503","Australia","THA","Thailand",2002,"Import",5,4515.546
"H0","AUS","9503","Australia","THA","Thailand",2003,"Import",5,4238.101
"H0","AUS","9503","Australia","THA","Thailand",2004,"Import",5,4712.017
"H0","AUS","9503","Australia","THA","Thailand",2005,"Import",5,4455.496
"H0","AUS","9503","Australia","THA","Thailand",2006,"Import",5,6317.847
"H0","AUS","9503","Australia","THA","Thailand",2007,"Import",5,7330.883
"H0","AUS","9503","Australia","THA","Thailand",2008,"Import",5,10000.86
"H0","AUS","9503","Australia","THA","Thailand",2009,"Import",5,7076.362
"H0","AUS","9503","Australia","THA","Thailand",2010,"Import",5,7820.193
"H0","AUS","9503","Australia","THA","Thailand",2011,"Import",5,7524.665
"H0","AUS","9503","Australia","THA","Thailand",2012,"Import",5,7459.868
"H0","AUS","9503","Australia","THA","Thailand",2013,"Import",5,9279.306
"H0","AUS","9503","Australia","THA","Thailand",2014,"Import",5,9103.318
"H0","AUS","9503","Australia","THA","Thailand",2015,"Import",5,10282.678
"H0","AUS","9503","Australia","THA","Thailand",2016,"Import",5,8212.353
"H0","AUS","9503","Australia","THA","Thailand",2017,"Import",5,9082.458
"H0","AUS","9503","Australia","THA","Thailand",2018,"Import",5,8103.215
"H0","AUS","9503","Australia","THA","Thailand",2019,"Import",5,9563.299
"H0","AUS","9503","Australia","THA","Thailand",2020,"Import",5,14425.371
"H0","AUS","9503","Australia","THA","Thailand",2021,"Import",5,12850.948
"H0","AUS","9503","Australia","THA","Thailand",2022,"Import",5,13391.404
"H0","AUS","9503","Australia","THA","Thailand",2023,"Import",5,13680.063
"H0","AUS","9503","Australia","THA","Thailand",2024,"Import",5,16607.987
"H0","AUS","9503","Australia","THA","Thailand",2025,"Import",5,21303.078
"H0","AUS","9503","Australia","TJK","Tajikistan",2011,"Import",5,3.846
"H0","AUS","9503","Australia","TON","Tonga",1996,"Import",5,1.355
"H0","AUS","9503","Australia","TTO","Trinidad and Tobago",2007,"Import",5,3.42
"H0","AUS","9503","Australia","TUN","Tunisia",2004,"Import",5,0.548
"H0","AUS","9503","Australia","TUN","Tunisia",2006,"Import",5,0.919
"H0","AUS","9503","Australia","TUN","Tunisia",2008,"Import",5,3.022
"H0","AUS","9503","Australia","TUN","Tunisia",2010,"Import",5,1.505
"H0","AUS","9503","Australia","TUN","Tunisia",2011,"Import",5,5.904
"H0","AUS","9503","Australia","TUN","Tunisia",2012,"Import",5,14.698
"H0","AUS","9503","Australia","TUN","Tunisia",2013,"Import",5,7.335
"H0","AUS","9503","Australia","TUN","Tunisia",2014,"Import",5,24.335
"H0","AUS","9503","Australia","TUN","Tunisia",2015,"Import",5,86.706
"H0","AUS","9503","Australia","TUN","Tunisia",2016,"Import",5,170.228
"H0","AUS","9503","Australia","TUN","Tunisia",2017,"Import",5,86.163
"H0","AUS","9503","Australia","TUN","Tunisia",2018,"Import",5,149.301
"H0","AUS","9503","Australia","TUN","Tunisia",2019,"Import",5,119.388
"H0","AUS","9503","Australia","TUN","Tunisia",2020,"Import",5,4.193
"H0","AUS","9503","Australia","TUN","Tunisia",2021,"Import",5,8.916
"H0","AUS","9503","Australia","TUN","Tunisia",2022,"Import",5,9.686
"H0","AUS","9503","Australia","TUN","Tunisia",2023,"Import",5,236.767
"H0","AUS","9503","Australia","TUN","Tunisia",2024,"Import",5,192.695
"H0","AUS","9503","Australia","TUN","Tunisia",2025,"Import",5,1646.523
"H0","AUS","9503","Australia","TUR","Turkey",1995,"Import",5,1.214
"H0","AUS","9503","Australia","TUR","Turkey",1999,"Import",5,26.067
"H0","AUS","9503","Australia","TUR","Turkey",2000,"Import",5,24.425
"H0","AUS","9503","Australia","TUR","Turkey",2001,"Import",5,3.731
"H0","AUS","9503","Australia","TUR","Turkey",2002,"Import",5,6.026
"H0","AUS","9503","Australia","TUR","Turkey",2003,"Import",5,225.053
"H0","AUS","9503","Australia","TUR","Turkey",2004,"Import",5,87.151
"H0","AUS","9503","Australia","TUR","Turkey",2005,"Import",5,16.718
"H0","AUS","9503","Australia","TUR","Turkey",2006,"Import",5,6.721
"H0","AUS","9503","Australia","TUR","Turkey",2007,"Import",5,57.5
"H0","AUS","9503","Australia","TUR","Turkey",2008,"Import",5,61.125
"H0","AUS","9503","Australia","TUR","Turkey",2009,"Import",5,36.896
"H0","AUS","9503","Australia","TUR","Turkey",2010,"Import",5,45.757
"H0","AUS","9503","Australia","TUR","Turkey",2011,"Import",5,33.798
"H0","AUS","9503","Australia","TUR","Turkey",2012,"Import",5,127.232
"H0","AUS","9503","Australia","TUR","Turkey",2013,"Import",5,109.07
"H0","AUS","9503","Australia","TUR","Turkey",2014,"Import",5,45.571
"H0","AUS","9503","Australia","TUR","Turkey",2015,"Import",5,80.412
"H0","AUS","9503","Australia","TUR","Turkey",2016,"Import",5,290.666
"H0","AUS","9503","Australia","TUR","Turkey",2017,"Import",5,145.179
"H0","AUS","9503","Australia","TUR","Turkey",2018,"Import",5,189.357
"H0","AUS","9503","Australia","TUR","Turkey",2019,"Import",5,513.89
"H0","AUS","9503","Australia","TUR","Turkey",2020,"Import",5,325.88
"H0","AUS","9503","Australia","TUR","Turkey",2021,"Import",5,364.813
"H0","AUS","9503","Australia","TUR","Turkey",2022,"Import",5,432.042
"H0","AUS","9503","Australia","TUR","Turkey",2023,"Import",5,214.735
"H0","AUS","9503","Australia","TUR","Turkey",2024,"Import",5,690.345
"H0","AUS","9503","Australia","TUR","Turkey",2025,"Import",5,827.955
"H0","AUS","9503","Australia","TUV","Tuvalu",2006,"Import",5,2.435
"H0","AUS","9503","Australia","TUV","Tuvalu",2008,"Import",5,85.698
"H0","AUS","9503","Australia","TUV","Tuvalu",2009,"Import",5,1.279
"H0","AUS","9503","Australia","TUV","Tuvalu",2013,"Import",5,6.343
"H0","AUS","9503","Australia","TUV","Tuvalu",2014,"Import",5,8.04
"H0","AUS","9503","Australia","TUV","Tuvalu",2018,"Import",5,2.709
"H0","AUS","9503","Australia","TUV","Tuvalu",2025,"Import",5,0.832
"H0","AUS","9503","Australia","TZA","Tanzania",2013,"Import",5,10.801
"H0","AUS","9503","Australia","UGA","Uganda",2007,"Import",5,4.314
"H0","AUS","9503","Australia","UGA","Uganda",2008,"Import",5,3.498
"H0","AUS","9503","Australia","UGA","Uganda",2009,"Import",5,4.251
"H0","AUS","9503","Australia","UGA","Uganda",2016,"Import",5,0.768
"H0","AUS","9503","Australia","UKR","Ukraine",1998,"Import",5,1.995
"H0","AUS","9503","Australia","UKR","Ukraine",1999,"Import",5,4.088
"H0","AUS","9503","Australia","UKR","Ukraine",2000,"Import",5,1.282
"H0","AUS","9503","Australia","UKR","Ukraine",2001,"Import",5,4.303
"H0","AUS","9503","Australia","UKR","Ukraine",2002,"Import",5,0.944
"H0","AUS","9503","Australia","UKR","Ukraine",2003,"Import",5,9.108
"H0","AUS","9503","Australia","UKR","Ukraine",2004,"Import",5,21.275
"H0","AUS","9503","Australia","UKR","Ukraine",2005,"Import",5,18.681
"H0","AUS","9503","Australia","UKR","Ukraine",2006,"Import",5,49.779
"H0","AUS","9503","Australia","UKR","Ukraine",2007,"Import",5,76.126
"H0","AUS","9503","Australia","UKR","Ukraine",2008,"Import",5,44.965
"H0","AUS","9503","Australia","UKR","Ukraine",2009,"Import",5,39.072
"H0","AUS","9503","Australia","UKR","Ukraine",2010,"Import",5,13.287
"H0","AUS","9503","Australia","UKR","Ukraine",2011,"Import",5,29.544
"H0","AUS","9503","Australia","UKR","Ukraine",2012,"Import",5,24.255
"H0","AUS","9503","Australia","UKR","Ukraine",2013,"Import",5,11.916
"H0","AUS","9503","Australia","UKR","Ukraine",2014,"Import",5,4.876
"H0","AUS","9503","Australia","UKR","Ukraine",2015,"Import",5,47.631
"H0","AUS","9503","Australia","UKR","Ukraine",2016,"Import",5,65.307
"H0","AUS","9503","Australia","UKR","Ukraine",2017,"Import",5,176.815
"H0","AUS","9503","Australia","UKR","Ukraine",2018,"Import",5,365.854
"H0","AUS","9503","Australia","UKR","Ukraine",2019,"Import",5,422.694
"H0","AUS","9503","Australia","UKR","Ukraine",2020,"Import",5,628.397
"H0","AUS","9503","Australia","UKR","Ukraine",2021,"Import",5,820.902
"H0","AUS","9503","Australia","UKR","Ukraine",2022,"Import",5,660.637
"H0","AUS","9503","Australia","UKR","Ukraine",2023,"Import",5,294.577
"H0","AUS","9503","Australia","UKR","Ukraine",2024,"Import",5,203.69
"H0","AUS","9503","Australia","UKR","Ukraine",2025,"Import",5,214.006
"H0","AUS","9503","Australia","UNS","Unspecified",1995,"Import",5,8.643
"H0","AUS","9503","Australia","UNS","Unspecified",1996,"Import",5,14.928
"H0","AUS","9503","Australia","UNS","Unspecified",1997,"Import",5,17.921
"H0","AUS","9503","Australia","UNS","Unspecified",1998,"Import",5,71.261
"H0","AUS","9503","Australia","UNS","Unspecified",1999,"Import",5,11.209
"H0","AUS","9503","Australia","UNS","Unspecified",2000,"Import",5,5.996
"H0","AUS","9503","Australia","UNS","Unspecified",2001,"Import",5,13.479
"H0","AUS","9503","Australia","UNS","Unspecified",2002,"Import",5,19.396
"H0","AUS","9503","Australia","UNS","Unspecified",2004,"Import",5,15.056
"H0","AUS","9503","Australia","UNS","Unspecified",2005,"Import",5,8.51
"H0","AUS","9503","Australia","UNS","Unspecified",2015,"Import",5,58.905
"H0","AUS","9503","Australia","UNS","Unspecified",2020,"Import",5,4.154
"H0","AUS","9503","Australia","URY","Uruguay",2000,"Import",5,0.492
"H0","AUS","9503","Australia","URY","Uruguay",2001,"Import",5,0.349
"H0","AUS","9503","Australia","URY","Uruguay",2004,"Import",5,3.026
"H0","AUS","9503","Australia","URY","Uruguay",2023,"Import",5,3.842
"H0","AUS","9503","Australia","USA","United States",1995,"Import",5,14698.142
"H0","AUS","9503","Australia","USA","United States",1996,"Import",5,24050.525
"H0","AUS","9503","Australia","USA","United States",1997,"Import",5,18419.65
"H0","AUS","9503","Australia","USA","United States",1998,"Import",5,13316.043
"H0","AUS","9503","Australia","USA","United States",1999,"Import",5,14939.896
"H0","AUS","9503","Australia","USA","United States",2000,"Import",5,15701.463
"H0","AUS","9503","Australia","USA","United States",2001,"Import",5,17297.613
"H0","AUS","9503","Australia","USA","United States",2002,"Import",5,13809.604
"H0","AUS","9503","Australia","USA","United States",2003,"Import",5,15870.017
"H0","AUS","9503","Australia","USA","United States",2004,"Import",5,17334.062
"H0","AUS","9503","Australia","USA","United States",2005,"Import",5,15032.402
"H0","AUS","9503","Australia","USA","United States",2006,"Import",5,15347.61
"H0","AUS","9503","Australia","USA","United States",2007,"Import",5,18533.621
"H0","AUS","9503","Australia","USA","United States",2008,"Import",5,18860.133
"H0","AUS","9503","Australia","USA","United States",2009,"Import",5,18337.157
"H0","AUS","9503","Australia","USA","United States",2010,"Import",5,20558.988
"H0","AUS","9503","Australia","USA","United States",2011,"Import",5,21872.224
"H0","AUS","9503","Australia","USA","United States",2012,"Import",5,24334.168
"H0","AUS","9503","Australia","USA","United States",2013,"Import",5,25310.838
"H0","AUS","9503","Australia","USA","United States",2014,"Import",5,23295.049
"H0","AUS","9503","Australia","USA","United States",2015,"Import",5,23150.364
"H0","AUS","9503","Australia","USA","United States",2016,"Import",5,18516.352
"H0","AUS","9503","Australia","USA","United States",2017,"Import",5,20232.322
"H0","AUS","9503","Australia","USA","United States",2018,"Import",5,19759.032
"H0","AUS","9503","Australia","USA","United States",2019,"Import",5,16792.33
"H0","AUS","9503","Australia","USA","United States",2020,"Import",5,17912.943
"H0","AUS","9503","Australia","USA","United States",2021,"Import",5,22188.221
"H0","AUS","9503","Australia","USA","United States",2022,"Import",5,19696.74
"H0","AUS","9503","Australia","USA","United States",2023,"Import",5,14695.183
"H0","AUS","9503","Australia","USA","United States",2024,"Import",5,10871.499
"H0","AUS","9503","Australia","USA","United States",2025,"Import",5,11059.38
"H0","AUS","9503","Australia","VCT","St. Vincent and the Grenadines",2023,"Import",5,18.319
"H0","AUS","9503","Australia","VEN","Venezuela",2001,"Import",5,0.318
"H0","AUS","9503","Australia","VEN","Venezuela",2002,"Import",5,154.503
"H0","AUS","9503","Australia","VEN","Venezuela",2005,"Import",5,0.509
"H0","AUS","9503","Australia","VEN","Venezuela",2006,"Import",5,1.651
"H0","AUS","9503","Australia","VEN","Venezuela",2012,"Import",5,23.51
"H0","AUS","9503","Australia","VGB","British Virgin Islands",1999,"Import",5,2.003
"H0","AUS","9503","Australia","VGB","British Virgin Islands",2005,"Import",5,5.704
"H0","AUS","9503","Australia","VGB","British Virgin Islands",2007,"Import",5,25.886
"H0","AUS","9503","Australia","VGB","British Virgin Islands",2008,"Import",5,5.4
"H0","AUS","9503","Australia","VGB","British Virgin Islands",2010,"Import",5,29.625
"H0","AUS","9503","Australia","VGB","British Virgin Islands",2011,"Import",5,6.224
"H0","AUS","9503","Australia","VGB","British Virgin Islands",2013,"Import",5,2.067
"H0","AUS","9503","Australia","VNM","Vietnam",1995,"Import",5,133.965
"H0","AUS","9503","Australia","VNM","Vietnam",1996,"Import",5,217.566
"H0","AUS","9503","Australia","VNM","Vietnam",1997,"Import",5,521.657
"H0","AUS","9503","Australia","VNM","Vietnam",1998,"Import",5,488.231
"H0","AUS","9503","Australia","VNM","Vietnam",1999,"Import",5,485.366
"H0","AUS","9503","Australia","VNM","Vietnam",2000,"Import",5,419.983
"H0","AUS","9503","Australia","VNM","Vietnam",2001,"Import",5,733.933
"H0","AUS","9503","Australia","VNM","Vietnam",2002,"Import",5,817.55
"H0","AUS","9503","Australia","VNM","Vietnam",2003,"Import",5,675.445
"H0","AUS","9503","Australia","VNM","Vietnam",2004,"Import",5,686.101
"H0","AUS","9503","Australia","VNM","Vietnam",2005,"Import",5,2205.767
"H0","AUS","9503","Australia","VNM","Vietnam",2006,"Import",5,821.853
"H0","AUS","9503","Australia","VNM","Vietnam",2007,"Import",5,874.743
"H0","AUS","9503","Australia","VNM","Vietnam",2008,"Import",5,1686.375
"H0","AUS","9503","Australia","VNM","Vietnam",2009,"Import",5,2392.508
"H0","AUS","9503","Australia","VNM","Vietnam",2010,"Import",5,2490.572
"H0","AUS","9503","Australia","VNM","Vietnam",2011,"Import",5,4757.2
"H0","AUS","9503","Australia","VNM","Vietnam",2012,"Import",5,3824.357
"H0","AUS","9503","Australia","VNM","Vietnam",2013,"Import",5,4700.748
"H0","AUS","9503","Australia","VNM","Vietnam",2014,"Import",5,4998.801
"H0","AUS","9503","Australia","VNM","Vietnam",2015,"Import",5,7517.557
"H0","AUS","9503","Australia","VNM","Vietnam",2016,"Import",5,12364.712
"H0","AUS","9503","Australia","VNM","Vietnam",2017,"Import",5,29818.863
"H0","AUS","9503","Australia","VNM","Vietnam",2018,"Import",5,26691.371
"H0","AUS","9503","Australia","VNM","Vietnam",2019,"Import",5,42193.469
"H0","AUS","9503","Australia","VNM","Vietnam",2020,"Import",5,55770.74
"H0","AUS","9503","Australia","VNM","Vietnam",2021,"Import",5,86107.843
"H0","AUS","9503","Australia","VNM","Vietnam",2022,"Import",5,92990.941
"H0","AUS","9503","Australia","VNM","Vietnam",2023,"Import",5,67390.991
"H0","AUS","9503","Australia","VNM","Vietnam",2024,"Import",5,87654.574
"H0","AUS","9503","Australia","VNM","Vietnam",2025,"Import",5,129179.504
"H0","AUS","9503","Australia","VUT","Vanuatu",2017,"Import",5,96.359
"H0","AUS","9503","Australia","VUT","Vanuatu",2022,"Import",5,9.717
"H0","AUS","9503","Australia","WLD"," World",1995,"Import",5,199013.149
"H0","AUS","9503","Australia","WLD"," World",1996,"Import",5,233741.621
"H0","AUS","9503","Australia","WLD"," World",1997,"Import",5,257642.738
"H0","AUS","9503","Australia","WLD"," World",1998,"Import",5,232886.575
"H0","AUS","9503","Australia","WLD"," World",1999,"Import",5,247482.398
"H0","AUS","9503","Australia","WLD"," World",2000,"Import",5,273095.65
"H0","AUS","9503","Australia","WLD"," World",2001,"Import",5,279110.04
"H0","AUS","9503","Australia","WLD"," World",2002,"Import",5,319809.678
"H0","AUS","9503","Australia","WLD"," World",2003,"Import",5,367885.667
"H0","AUS","9503","Australia","WLD"," World",2004,"Import",5,447399.812
"H0","AUS","9503","Australia","WLD"," World",2005,"Import",5,465013.59
"H0","AUS","9503","Australia","WLD"," World",2006,"Import",5,490879.081
"H0","AUS","9503","Australia","WLD"," World",2007,"Import",5,652549.25
"H0","AUS","9503","Australia","WLD"," World",2008,"Import",5,729936.498
"H0","AUS","9503","Australia","WLD"," World",2009,"Import",5,667041.343
"H0","AUS","9503","Australia","WLD"," World",2010,"Import",5,840376.378
"H0","AUS","9503","Australia","WLD"," World",2011,"Import",5,853072.795
"H0","AUS","9503","Australia","WLD"," World",2012,"Import",5,928241.609
"H0","AUS","9503","Australia","WLD"," World",2013,"Import",5,931940.514
"H0","AUS","9503","Australia","WLD"," World",2014,"Import",5,977665.637
"H0","AUS","9503","Australia","WLD"," World",2015,"Import",5,971107.108
"H0","AUS","9503","Australia","WLD"," World",2016,"Import",5,950359.177
"H0","AUS","9503","Australia","WLD"," World",2017,"Import",5,1066351.818
"H0","AUS","9503","Australia","WLD"," World",2018,"Import",5,1101813.143
"H0","AUS","9503","Australia","WLD"," World",2019,"Import",5,1055181.62
"H0","AUS","9503","Australia","WLD"," World",2020,"Import",5,1154932.499
"H0","AUS","9503","Australia","WLD"," World",2021,"Import",5,1428499.223
"H0","AUS","9503","Australia","WLD"," World",2022,"Import",5,1461331.154
"H0","AUS","9503","Australia","WLD"," World",2023,"Import",5,1182092.148
"H0","AUS","9503","Australia","WLD"," World",2024,"Import",5,1322709.837
"H0","AUS","9503","Australia","WLD"," World",2025,"Import",5,1419949.974
"H0","AUS","9503","Australia","WSM","Samoa",2013,"Import",5,3.315
"H0","AUS","9503","Australia","WSM","Samoa",2014,"Import",5,15.933
"H0","AUS","9503","Australia","WSM","Samoa",2015,"Import",5,14.574
"H0","AUS","9503","Australia","WSM","Samoa",2016,"Import",5,10.469
"H0","AUS","9503","Australia","WSM","Samoa",2017,"Import",5,19.873
"H0","AUS","9503","Australia","WSM","Samoa",2018,"Import",5,54.951
"H0","AUS","9503","Australia","WSM","Samoa",2019,"Import",5,10.686
"H0","AUS","9503","Australia","ZAF","South Africa",1995,"Import",5,51.595
"H0","AUS","9503","Australia","ZAF","South Africa",1996,"Import",5,70.279
"H0","AUS","9503","Australia","ZAF","South Africa",1997,"Import",5,116.582
"H0","AUS","9503","Australia","ZAF","South Africa",1998,"Import",5,34.245
"H0","AUS","9503","Australia","ZAF","South Africa",1999,"Import",5,61.297
"H0","AUS","9503","Australia","ZAF","South Africa",2000,"Import",5,107.147
"H0","AUS","9503","Australia","ZAF","South Africa",2001,"Import",5,59.881
"H0","AUS","9503","Australia","ZAF","South Africa",2002,"Import",5,96.468
"H0","AUS","9503","Australia","ZAF","South Africa",2003,"Import",5,104.915
"H0","AUS","9503","Australia","ZAF","South Africa",2004,"Import",5,47.602
"H0","AUS","9503","Australia","ZAF","South Africa",2005,"Import",5,75.93
"H0","AUS","9503","Australia","ZAF","South Africa",2006,"Import",5,183.104
"H0","AUS","9503","Australia","ZAF","South Africa",2007,"Import",5,164.778
"H0","AUS","9503","Australia","ZAF","South Africa",2008,"Import",5,277.312
"H0","AUS","9503","Australia","ZAF","South Africa",2009,"Import",5,89.693
"H0","AUS","9503","Australia","ZAF","South Africa",2010,"Import",5,78.613
"H0","AUS","9503","Australia","ZAF","South Africa",2011,"Import",5,129.593
"H0","AUS","9503","Australia","ZAF","South Africa",2012,"Import",5,60.062
"H0","AUS","9503","Australia","ZAF","South Africa",2013,"Import",5,197.312
"H0","AUS","9503","Australia","ZAF","South Africa",2014,"Import",5,142.115
"H0","AUS","9503","Australia","ZAF","South Africa",2015,"Import",5,113.979
"H0","AUS","9503","Australia","ZAF","South Africa",2016,"Import",5,93.709
"H0","AUS","9503","Australia","ZAF","South Africa",2017,"Import",5,94.825
"H0","AUS","9503","Australia","ZAF","South Africa",2018,"Import",5,54.23
"H0","AUS","9503","Australia","ZAF","South Africa",2019,"Import",5,61.291
"H0","AUS","9503","Australia","ZAF","South Africa",2020,"Import",5,76.194
"H0","AUS","9503","Australia","ZAF","South Africa",2021,"Import",5,100.414
"H0","AUS","9503","Australia","ZAF","South Africa",2022,"Import",5,275.167
"H0","AUS","9503","Australia","ZAF","South Africa",2023,"Import",5,82.413
"H0","AUS","9503","Australia","ZAF","South Africa",2024,"Import",5,41.708
"H0","AUS","9503","Australia","ZAF","South Africa",2025,"Import",5,64.376
"H0","AUS","9503","Australia","ZMB","Zambia",2013,"Import",5,1.635
"H0","AUS","9503","Australia","ZWE","Zimbabwe",1995,"Import",5,2.261
"H0","AUS","9503","Australia","ZWE","Zimbabwe",1996,"Import",5,1.944
"H0","AUS","9503","Australia","ZWE","Zimbabwe",1997,"Import",5,5.59
"H0","AUS","9503","Australia","ZWE","Zimbabwe",2003,"Import",5,0.603
"H0","AUS","9503","Australia","ZWE","Zimbabwe",2007,"Import",5,33.057
"H0","AUS","9503","Australia","ZWE","Zimbabwe",2009,"Import",5,21.772
"H0","AUS","9503","Australia","ZWE","Zimbabwe",2010,"Import",5,10.109
